day,osr,asr,psr,femalePC,malePC,preference,ornaments,popSize,mateMale,mateFemale,careMale,careFemale,recoMale,recoFemale,juvMale,juvFemale
0,0.5,0.5,0.5,10,10,0,0,2080,0,0,991,990,0,0,58,41
10000,0.31105,0.48497,0.486842,9.9905,10.0029,0,0,8949,548,810,3682,3682,0,0,110,117
20000,0.479532,0.497932,0.477912,9.993,9.98886,0,0,8711,330,359,3883,3888,0,0,122,129
30000,0.511199,0.502415,0.567857,9.92175,9.97148,0,0,8767,417,390,3847,3834,0,0,156,123
40000,0.420744,0.492268,0.509653,9.8892,9.96171,0,0,8854,369,536,3861,3830,0,0,131,127
50000,0.404449,0.492211,0.461832,9.83083,9.94308,0,0,8731,419,599,3755,3703,0,0,115,140
60000,0.541274,0.507265,0.534483,9.74818,9.88264,0,0,8768,454,384,3875,3822,0,0,127,106
70000,0.45,0.498477,0.470356,9.62346,9.81645,0,0,8788,401,493,3852,3786,0,0,120,136
80000,0.502674,0.505169,0.534413,9.51039,9.72968,0,0,8660,414,426,3834,3737,0,0,132,117
90000,0.482955,0.506293,0.5625,9.33562,9.61689,0,0,8760,416,457,3892,3743,0,0,142,110
100000,0.396552,0.498925,0.532189,9.05439,9.48205,0,0,8605,421,619,3756,3581,0,0,123,105
110000,0.319966,0.490177,0.483193,8.74625,9.28112,0,0,8331,352,799,3618,3325,0,0,112,125
120000,0.374761,0.502302,0.447368,8.41813,9.05107,0,0,8263,416,666,3619,3336,0,0,102,124
130000,0.35163,0.498372,0.588983,8.07504,8.85454,0,0,8222,414,739,3567,3267,0,0,138,97
140000,0.387037,0.508388,0.457778,7.78074,8.6155,0,0,8091,444,672,3556,3194,0,0,104,121
150000,0.314759,0.490663,0.516908,7.56084,8.373,0,0,7815,395,875,3335,2999,0,0,109,102
160000,0.343023,0.499738,0.522321,7.26389,8.08898,0,0,7867,437,825,3384,2996,0,0,116,109
170000,0.334992,0.504145,0.471154,6.90867,7.91309,0,0,7686,438,868,3336,2842,0,0,94,108
180000,0.327909,0.501082,0.505051,6.78538,7.80804,0,0,7590,443,852,3261,2831,0,0,101,102
190000,0.335843,0.496405,0.491379,6.57038,7.51908,0,0,7467,426,845,3163,2797,0,0,117,119
200000,0.329259,0.499501,0.53202,6.44626,7.41856,0,0,7220,464,854,3043,2659,0,0,107,93
210000,0.358605,0.504164,0.45509,6.33786,7.27992,0,0,7370,472,841,3156,2731,0,0,79,91
220000,0.334548,0.492279,0.566327,6.30847,7.10589,0,0,7187,449,859,2990,2689,0,0,113,87
230000,0.362285,0.496645,0.485437,6.18375,7.02191,0,0,7211,449,804,3026,2723,0,0,103,106
240000,0.3749,0.506406,0.534314,6.04631,6.95942,0,0,7147,452,778,3065,2645,0,0,111,96
250000,0.309524,0.482114,0.461538,5.97141,6.74429,0,0,6961,436,964,2837,2553,0,0,75,96
260000,0.315038,0.492433,0.484472,5.88857,6.67976,0,0,6901,454,941,2863,2482,0,0,79,82
270000,0.301043,0.490057,0.452632,5.76311,6.65568,0,0,6674,433,960,2745,2349,0,0,85,102
280000,0.332847,0.4945,0.484663,5.74341,6.60587,0,0,6711,448,895,2787,2417,0,0,79,85
290000,0.338565,0.505244,0.491525,5.66546,6.58149,0,0,6657,460,863,2813,2346,0,0,84,91
300000,0.312405,0.494419,0.454054,5.66305,6.52815,0,0,6642,466,928,2725,2334,0,0,87,102
310000,0.323944,0.497846,0.478788,5.55828,6.56155,0,0,6434,427,887,2692,2261,0,0,82,85
320000,0.350592,0.500536,0.489362,5.55408,6.44696,0,0,6712,440,869,2825,2391,0,0,91,96
330000,0.359586,0.499923,0.413043,5.64803,6.37433,0,0,6708,455,841,2806,2421,0,0,76,109
340000,0.349769,0.496566,0.508772,5.58539,6.32836,0,0,6435,476,859,2638,2293,0,0,85,84
350000,0.386568,0.50555,0.444444,5.52301,6.25165,0,0,6497,453,722,2733,2401,0,0,86,102
360000,0.358974,0.494435,0.508671,5.43219,6.16921,0,0,6282,457,843,2564,2245,0,0,86,87
370000,0.326168,0.493614,0.487342,5.34582,6.06073,0,0,6191,438,882,2540,2168,0,0,77,86
380000,0.34551,0.500955,0.483871,5.32835,5.98861,0,0,5881,463,829,2425,2041,0,0,58,65
390000,0.409809,0.505981,0.50625,5.58205,6.1001,0,0,6094,446,692,2556,2239,0,0,80,81
400000,0.35081,0.493144,0.47619,5.60578,5.98923,0,0,6126,475,837,2471,2192,0,0,73,78
410000,0.375378,0.51205,0.554054,5.52636,5.99643,0,0,5880,461,760,2471,2034,0,0,86,68
420000,0.34277,0.514414,0.486486,5.57008,6.06503,0,0,5736,447,825,2428,1888,0,0,74,74
430000,0.314367,0.493934,0.48366,5.60074,6.06271,0,0,5916,429,972,2417,1948,0,0,75,75
440000,0.345455,0.505018,0.540373,5.69463,6.09449,0,0,5842,432,825,2434,1983,0,0,90,78
450000,0.318412,0.50181,0.459259,5.56408,6.00424,0,0,5657,407,929,2366,1821,0,0,62,72
460000,0.371291,0.502,0.450549,5.81106,5.91219,0,0,5933,454,774,2434,2090,0,0,83,98
470000,0.339941,0.501409,0.467626,5.67389,5.80935,0,0,5817,458,879,2389,1949,0,0,63,79
480000,0.383886,0.507457,0.550336,5.81356,5.62037,0,0,5782,483,746,2375,2030,0,0,85,63
490000,0.377008,0.498814,0.521739,5.8987,5.4392,0,0,5617,469,740,2263,2008,0,0,72,65
500000,0.463148,0.511184,0.521127,5.73954,5.20867,0,0,5329,480,607,2171,1928,0,0,76,67
510000,0.457915,0.49792,0.512195,5.36125,4.86551,0,0,4454,517,667,1636,1503,0,0,67,64
520000,0.510896,0.492754,0.518072,5.09722,4.47109,0,0,3528,627,591,1076,1159,0,0,38,37
530000,0.522377,0.50046,0.414141,5.08869,4.32381,0,0,3360,707,616,923,1014,0,0,42,58
540000,0.555391,0.487942,0.476744,5.448,4.32205,0,0,3279,736,583,824,1051,0,0,41,44
550000,0.541573,0.498253,0.51087,5.28907,4.63589,0,0,3238,740,624,831,956,0,0,44,43
560000,0.548132,0.506028,0.476744,5.36873,4.90144,0,0,3409,768,631,912,1011,0,0,43,44
570000,0.527616,0.486938,0.5,5.55658,4.87737,0,0,3376,718,658,883,1033,0,0,43,41
580000,0.553267,0.506565,0.495238,5.59911,4.91154,0,0,3380,778,654,886,961,0,0,48,53
590000,0.509066,0.506233,0.505155,5.33265,5.44235,0,0,3391,726,698,941,926,0,0,49,51
600000,0.47451,0.508351,0.511364,4.94112,5.79112,0,0,3380,709,777,965,840,0,0,46,43
610000,0.469935,0.495189,0.49,5.17124,5.79726,0,0,3428,703,817,946,863,0,0,48,51
620000,0.52228,0.507744,0.459184,5.75192,5.51209,0,0,3390,785,713,888,908,0,0,44,52
630000,0.51808,0.50162,0.4,5.88489,5.8032,0,0,3501,772,733,931,961,0,0,41,63
640000,0.529044,0.505257,0.51087,5.90023,5.7618,0,0,3518,833,755,898,939,0,0,47,46
650000,0.446583,0.49238,0.564103,5.59043,6.57741,0,0,3533,683,826,999,908,0,0,65,52
660000,0.440657,0.508274,0.442478,5.27649,6.73379,0,0,3501,696,874,1027,792,0,0,48,64
670000,0.410693,0.501176,0.490909,5.0863,7.14383,0,0,3511,702,946,1003,750,0,0,53,57
680000,0.502442,0.515777,0.542553,5.47067,6.19481,0,0,3393,826,810,877,785,0,0,52,43
690000,0.418079,0.506802,0.461538,4.79637,6.99846,0,0,3251,654,917,949,643,0,0,41,47
700000,0.419637,0.509524,0.439024,5.01162,7.4541,0,0,3442,633,937,1079,711,0,0,35,47
710000,0.399024,0.494284,0.571429,5.02963,7.43218,0,0,3443,654,988,991,696,0,0,66,48
720000,0.393977,0.500147,0.509434,4.97603,7.89469,0,0,3504,629,999,1070,703,0,0,53,50
730000,0.425505,0.501459,0.59,5.44454,7.75262,0,0,3525,682,908,1037,801,0,0,56,41
740000,0.423367,0.50224,0.528302,5.57838,8.03532,0,0,3681,680,933,1112,848,0,0,60,48
750000,0.398784,0.512113,0.51145,5.16934,8.54953,0,0,3685,670,982,1149,750,0,0,69,65
760000,0.416716,0.503078,0.484536,5.40098,8.09398,0,0,3671,715,986,1083,789,0,0,47,51
770000,0.372232,0.493667,0.51145,5.57428,8.93436,0,0,3763,617,1046,1179,797,0,0,65,59
780000,0.396938,0.486326,0.389474,6.36855,8.31339,0,0,3644,676,1022,1048,800,0,0,38,60
790000,0.452909,0.510913,0.482456,6.62521,7.80356,0,0,3594,758,918,1017,786,0,0,55,60
800000,0.456853,0.499863,0.48,6.74993,7.61068,0,0,3763,802,952,1014,869,0,0,61,65
810000,0.53881,0.500697,0.448529,7.73766,6.5633,0,0,3728,954,828,845,965,0,0,61,75
820000,0.510927,0.483412,0.503937,7.75128,6.6911,0,0,3506,857,828,775,915,0,0,66,65
830000,0.591018,0.504084,0.513514,8.79491,5.95299,0,0,3574,989,698,739,1001,0,0,74,73
840000,0.578493,0.502364,0.462185,9.02368,6.2578,0,0,3716,1034,710,772,1078,0,0,57,65
850000,0.631079,0.486182,0.40367,9.75014,5.53667,0,0,3654,1055,632,668,1192,0,0,44,63
860000,0.620397,0.504153,0.459459,9.51115,6.01478,0,0,3721,1094,659,727,1129,0,0,49,63
870000,0.603241,0.486463,0.569231,9.36256,5.97609,0,0,3638,1015,681,693,1121,0,0,74,54
880000,0.568525,0.498476,0.509091,8.77037,6.71659,0,0,3719,969,731,825,1081,0,0,61,52
890000,0.633606,0.514261,0.483051,9.61873,6.08389,0,0,3588,1095,638,690,1047,0,0,55,63
900000,0.635781,0.497828,0.546392,9.74845,5.53035,0,0,3558,1095,620,624,1115,0,0,56,48
910000,0.653938,0.491714,0.544776,10.1504,5.47452,0,0,3631,1099,589,623,1190,0,0,69,61
920000,0.594444,0.492813,0.521008,9.47964,5.99265,0,0,3807,1075,715,741,1155,0,0,67,54
930000,0.6663,0.502245,0.522523,10.2094,5.20555,0,0,3678,1217,612,573,1162,0,0,59,55
940000,0.679332,0.498715,0.52,10.362,5.51282,0,0,3627,1162,581,584,1171,0,0,67,62
950000,0.596209,0.49153,0.550847,9.60371,6.14662,0,0,3717,1051,699,720,1132,0,0,61,54
960000,0.613611,0.503027,0.458333,9.55914,6.02644,0,0,3593,1093,673,654,1053,0,0,53,67
970000,0.635365,0.494774,0.5,10.4568,6.2765,0,0,3877,1171,640,678,1247,0,0,71,70
980000,0.645051,0.50445,0.441667,10.4168,5.74951,0,0,3601,1144,622,613,1104,0,0,53,65
990000,0.679757,0.495238,0.495495,11.0375,5.03995,0,0,3680,1221,584,546,1220,0,0,55,54
1000000,0.724157,0.510135,0.472,11.5656,5.03319,0,0,3676,1285,498,527,1242,0,0,58,66
1010000,0.698324,0.489045,0.50365,11.6964,5.11528,0,0,3834,1259,548,550,1345,0,0,68,64
1020000,0.702854,0.496864,0.438849,11.5806,5.12773,0,0,3805,1269,538,552,1305,0,0,63,78
1030000,0.698438,0.49882,0.531532,11.4943,5.17902,0,0,3927,1305,560,597,1351,0,0,60,54
1040000,0.652971,0.506878,0.471074,10.6374,6.17218,0,0,3897,1177,624,737,1240,0,0,56,63
1050000,0.634384,0.498626,0.432836,10.6061,6.53846,0,0,3770,1108,647,705,1180,0,0,58,72
1060000,0.623717,0.51027,0.507463,10.4712,6.79348,0,0,3835,1088,645,802,1167,0,0,67,66
1070000,0.64022,0.52317,0.482759,10.3186,6.25066,0,0,3766,1158,671,749,1068,0,0,60,60
1080000,0.673233,0.500144,0.514085,11.1347,5.31735,0,0,3608,1172,559,564,1173,0,0,71,69
1090000,0.7092,0.500408,0.50365,11.803,5.04008,0,0,3817,1288,538,551,1299,0,0,70,71
1100000,0.671317,0.487621,0.416667,11.4767,5.49414,0,0,3839,1205,596,607,1306,0,0,53,72
1110000,0.712367,0.488254,0.483051,12.0631,5.28305,0,0,3865,1276,534,551,1384,0,0,58,62
1120000,0.676708,0.509729,0.58156,11.48,6.45798,0,0,4046,1268,631,721,1287,0,0,80,59
1130000,0.631339,0.493671,0.446667,10.8874,6.20065,0,0,3703,1117,635,636,1164,0,0,67,84
1140000,0.637681,0.492706,0.521008,10.8923,6.21967,0,0,3751,1152,637,641,1204,0,0,59,58
1150000,0.670692,0.500417,0.5,11.1205,5.59099,0,0,3709,1215,588,583,1208,0,0,56,59
1160000,0.677772,0.495304,0.567568,11.7357,5.45689,0,0,3769,1236,584,557,1242,0,0,84,66
1170000,0.724574,0.499013,0.590909,12.3136,4.73565,0,0,3677,1320,499,448,1277,0,0,78,55
1180000,0.695088,0.48841,0.470588,12.0208,5.84399,0,0,3801,1232,534,561,1339,0,0,62,73
1190000,0.675706,0.495209,0.5,11.5732,5.82998,0,0,3676,1200,588,561,1200,0,0,62,65
1200000,0.650847,0.498029,0.482759,11.3122,6.55144,0,0,3703,1142,583,628,1204,0,0,74,72
1210000,0.564452,0.490505,0.5,10.2229,7.79394,0,0,3863,1009,774,824,1129,0,0,62,65
1220000,0.568234,0.501149,0.492063,9.71793,7.73098,0,0,3602,988,761,752,975,0,0,62,64
1230000,0.530878,0.504422,0.483607,9.17732,8.5349,0,0,3739,924,818,899,976,0,0,60,62
1240000,0.530006,0.489041,0.56,9.64237,8.24237,0,0,3800,946,811,835,1054,0,0,86,68
1250000,0.611081,0.50214,0.544828,10.8225,7.03602,0,0,3887,1118,716,760,1146,0,0,80,67
1260000,0.595264,0.513317,0.469231,10.2417,7.68165,0,0,3848,1093,700,816,1110,0,0,60,69
1270000,0.569106,0.519967,0.370079,9.55098,8.12414,0,0,3786,1043,780,857,976,0,0,49,81
1280000,0.404634,0.491993,0.548872,7.4924,10.363,0,0,3948,751,1082,1126,852,0,0,71,66
1290000,0.42172,0.498409,0.543478,7.86598,10.5348,0,0,3910,766,1047,1113,847,0,0,75,62
1300000,0.452033,0.501899,0.522581,8.17604,9.85732,0,0,4107,843,1023,1137,944,0,0,84,76
1310000,0.48764,0.487711,0.512195,8.72146,8.74793,0,0,3741,893,901,872,953,0,0,62,60
1320000,0.496205,0.503454,0.488372,8.75569,9.20489,0,0,3602,859,885,891,840,0,0,62,65
1330000,0.527854,0.489474,0.441379,9.65665,8.38963,0,0,3760,950,847,819,997,0,0,66,81
1340000,0.535188,0.509904,0.555556,9.07913,8.35443,0,0,3665,987,857,821,876,0,0,66,58
1350000,0.529872,0.502678,0.503817,9.41984,8.73152,0,0,3680,936,839,847,926,0,0,63,69
1360000,0.49747,0.500978,0.51145,9.08111,9.41849,0,0,3711,888,882,906,902,0,0,69,64
1370000,0.482442,0.502049,0.490446,8.82853,9.32565,0,0,3820,890,928,948,896,0,0,79,79
1380000,0.549917,0.493584,0.586207,9.63338,8.27656,0,0,3775,998,843,807,1012,0,0,67,48
1390000,0.554217,0.515143,0.483051,9.42661,8.67876,0,0,3720,1004,816,849,931,0,0,60,60
1400000,0.476864,0.489773,0.435484,8.66203,9.49505,0,0,3737,882,959,886,890,0,0,54,66
1410000,0.542045,0.508949,0.476562,9.62078,8.98165,0,0,3705,953,806,870,953,0,0,59,64
1420000,0.494961,0.518934,0.52518,8.63381,9.9711,0,0,3703,902,913,949,805,0,0,68,66
1430000,0.514908,0.496502,0.566434,9.41039,9.15231,0,0,3716,882,861,893,938,0,0,78,64
1440000,0.520225,0.524104,0.507463,9.2953,9.78451,0,0,3847,932,867,1015,901,0,0,66,66
1450000,0.55467,0.498148,0.514493,10.2006,8.53897,0,0,3644,962,782,783,977,0,0,70,70
1460000,0.549892,0.493019,0.464,9.99234,8.44767,0,0,3784,1010,827,791,1027,0,0,58,71
1470000,0.527825,0.507401,0.540741,9.45603,9.05387,0,0,3787,941,853,911,945,0,0,75,62
1480000,0.450512,0.496819,0.479769,8.36476,10.4194,0,0,3786,783,990,1015,831,0,0,80,87
1490000,0.436182,0.498367,0.503401,8.53735,11.0425,0,0,3815,798,1010,1030,830,0,0,74,73
1500000,0.520174,0.498407,0.446809,9.47045,9.63494,0,0,3909,956,904,919,988,0,0,64,78
1510000,0.479937,0.511838,0.376,8.44796,10.2187,0,0,3882,899,987,1021,847,0,0,48,80
1520000,0.505114,0.480145,0.470588,9.5799,8.95015,0,0,3711,891,853,826,1006,0,0,64,71
1530000,0.479888,0.504553,0.52349,9.02469,9.87809,0,0,3888,878,941,1007,907,0,0,83,72
1540000,0.456897,0.502314,0.492857,8.2732,10.3721,0,0,3814,855,999,989,830,0,0,70,71
1550000,0.465208,0.510943,0.515625,8.62507,10.6695,0,0,3830,834,953,1057,859,0,0,66,61
1560000,0.441796,0.504092,0.553459,8.53725,10.995,0,0,3825,783,998,1064,820,0,0,88,72
1570000,0.4125,0.510277,0.510067,7.87365,11.6662,0,0,3799,714,1043,1149,742,0,0,75,76
1580000,0.417077,0.50654,0.473373,7.5283,11.1765,0,0,3763,782,1080,1040,693,0,0,80,88
1590000,0.419319,0.504211,0.45283,7.578,11.5517,0,0,3846,732,1063,1124,763,0,0,74,90
1600000,0.370895,0.515927,0.532374,7.13723,12.5195,0,0,3811,658,1125,1235,653,0,0,73,67
1610000,0.384359,0.491803,0.545455,7.31725,11.4088,0,0,3669,700,1110,1040,688,0,0,71,60
1620000,0.422404,0.500276,0.512658,7.9422,11.0715,0,0,3789,742,1056,1072,758,0,0,82,79
1630000,0.383471,0.495692,0.503546,7.5933,11.8804,0,0,3853,699,1128,1146,743,0,0,67,70
1640000,0.359826,0.493718,0.455882,7.05685,12.2762,0,0,3870,657,1175,1192,716,0,0,58,72
1650000,0.432418,0.500136,0.557823,8.28314,11.0115,0,0,3825,775,1028,1061,812,0,0,86,63
1660000,0.438567,0.497303,0.602941,8.58329,11.0068,0,0,3842,794,1018,1052,845,0,0,78,55
1670000,0.448406,0.512388,0.477273,8.07336,10.5908,0,0,3803,836,1027,1045,764,0,0,62,69
1680000,0.379292,0.512621,0.563025,6.51544,11.6851,0,0,3725,696,1155,1153,603,0,0,66,52
1690000,0.349859,0.494363,0.573529,6.87218,12.2695,0,0,3677,637,1164,1118,627,0,0,75,56
1700000,0.373754,0.490315,0.483221,7.32279,11.7465,0,0,3764,694,1131,1078,711,0,0,73,77
1710000,0.3023,0.495533,0.548611,5.65325,13.1897,0,0,3726,546,1295,1229,514,0,0,78,64
1720000,0.355932,0.497286,0.489051,6.85411,12.1333,0,0,3818,633,1175,1199,678,0,0,64,69
1730000,0.365405,0.505234,0.51773,6.5334,12.4618,0,0,3772,657,1177,1177,619,0,0,73,69
1740000,0.267311,0.505535,0.475524,5.71708,14.2428,0,0,3934,517,1375,1404,503,0,0,64,71
1750000,0.324973,0.501188,0.478261,6.59949,13.1204,0,0,3955,582,1241,1317,652,0,0,78,85
1760000,0.443712,0.509279,0.492754,8.4615,10.9485,0,0,3805,786,1018,1082,779,0,0,68,72
1770000,0.452484,0.499865,0.541667,8.59938,10.4962,0,0,3859,832,1023,1022,835,0,0,79,68
1780000,0.436862,0.501341,0.485915,8.21441,10.713,0,0,3871,809,1048,1061,812,0,0,68,73
1790000,0.451717,0.5,0.55303,8.56118,10.552,0,0,3931,846,1018,1052,880,0,0,75,60
1800000,0.372432,0.492657,0.50641,7.19772,12.1054,0,0,3768,696,1159,1083,675,0,0,79,76
1810000,0.419425,0.496093,0.440559,7.79714,11.1078,0,0,3850,796,1080,1042,788,0,0,64,80
1820000,0.431514,0.511654,0.607843,7.85379,11.4951,0,0,3755,735,1027,1106,730,0,0,94,63
1830000,0.428267,0.512827,0.456522,7.89251,11.1927,0,0,3954,825,1078,1130,780,0,0,65,76
1840000,0.397616,0.504665,0.476562,7.32795,11.3319,0,0,3775,743,1110,1094,696,0,0,64,68
1850000,0.336932,0.499853,0.544715,5.98157,12.5588,0,0,3527,583,1163,1117,541,0,0,67,56
1860000,0.251057,0.487158,0.489655,4.70682,14.0828,0,0,3769,474,1417,1290,442,0,0,74,72
1870000,0.233766,0.491132,0.465753,4.90341,14.6648,0,0,3810,454,1413,1344,452,0,0,69,78
1880000,0.229583,0.509076,0.480916,4.66199,15.0612,0,0,3710,383,1349,1437,406,0,0,64,71
1890000,0.186253,0.504372,0.528169,4.11225,15.5137,0,0,3804,350,1463,1496,352,0,0,76,67
1900000,0.1797,0.512527,0.467105,3.80665,15.8446,0,0,3822,353,1481,1528,308,0,0,69,83
1910000,0.163074,0.503605,0.489655,3.20059,16.0045,0,0,3749,303,1516,1514,273,0,0,70,73
1920000,0.103918,0.496254,0.452055,2.05526,16.9334,0,0,3619,189,1582,1533,170,0,0,66,79
1930000,0.136911,0.498369,0.485507,3.30191,16.6012,0,0,3819,232,1570,1602,273,0,0,69,73
1940000,0.144204,0.507794,0.546099,3.67661,16.4404,0,0,3924,263,1537,1656,327,0,0,79,62
1950000,0.138351,0.501785,0.48951,3.37319,16.4727,0,0,3789,247,1563,1581,251,0,0,70,77
1960000,0.111235,0.50554,0.544,2.65524,16.8937,0,0,3733,184,1582,1641,201,0,0,68,57
1970000,0.0632497,0.500792,0.449612,2.65174,17.6236,0,0,3908,122,1713,1773,174,0,0,57,69
1980000,0.0641304,0.504602,0.510949,1.84845,17.8409,0,0,3827,128,1710,1735,117,0,0,67,70
1990000,0.0560598,0.497017,0.482759,1.30962,17.8733,0,0,3837,97,1765,1740,90,0,0,69,76
2000000,0.0527437,0.503297,0.412214,1.4025,17.898,0,0,3923,103,1780,1806,106,0,0,55,73
2010000,0.0526033,0.509439,0.46,1.09128,17.9645,0,0,3911,95,1764,1820,81,0,0,71,80
2020000,0.0459345,0.50261,0.530201,0.965049,17.96,0,0,3977,120,1830,1804,76,0,0,78,69
2030000,0.0529628,0.509824,0.468571,1.13094,17.8961,0,0,4101,105,1821,1894,101,0,0,86,94
2040000,0.0598074,0.484395,0.534591,1.17586,17.9133,0,0,3969,97,1846,1750,122,0,0,84,70
2050000,0.0578426,0.505575,0.54,1.33114,17.947,0,0,4095,130,1801,1861,149,0,0,85,69
2060000,0.0573604,0.494299,0.467153,1.40054,17.9613,0,0,4082,112,1845,1836,152,0,0,67,70
2070000,0.0525242,0.49118,0.485507,1.50312,17.988,0,0,4162,101,1887,1875,160,0,0,70,69
2080000,0.0576725,0.493061,0.496689,1.60029,17.9151,0,0,4113,120,1827,1833,178,0,0,76,79
2090000,0.0542829,0.509687,0.46875,1.75121,17.8796,0,0,4345,113,1879,2018,170,0,0,79,86
2100000,0.0631365,0.504312,0.503401,1.88807,17.8282,0,0,4324,117,1831,1990,237,0,0,73,76
2110000,0.0612346,0.497401,0.490683,1.93904,17.8981,0,0,4396,111,1898,1995,230,0,0,80,82
2120000,0.0493763,0.507595,0.489011,2.09124,17.7182,0,0,4461,93,1872,2079,234,0,0,92,91
2130000,0.0573152,0.511875,0.464968,2.30173,17.7553,0,0,4577,101,1873,2162,288,0,0,72,81
2140000,0.0647376,0.498308,0.481928,2.47217,17.6357,0,0,4600,117,1921,2092,305,0,0,78,87
2150000,0.0581102,0.505489,0.521212,2.53638,17.6565,0,0,4536,127,1867,2080,295,0,0,87,80
2160000,0.0612346,0.501015,0.516854,2.66298,17.5158,0,0,4614,142,1875,2084,337,0,0,91,85
2170000,0.0707317,0.501547,0.4875,2.68069,17.4287,0,0,4682,131,1899,2138,357,0,0,78,79
2180000,0.0585317,0.493095,0.529801,2.76418,17.3368,0,0,4567,131,1900,2053,335,0,0,75,73
2190000,0.0728606,0.510643,0.505682,2.87534,17.2454,0,0,4829,117,1876,2257,401,0,0,90,88
2200000,0.060844,0.50022,0.5,2.99745,17.1804,0,0,4707,120,1922,2154,351,0,0,79,81
2210000,0.0621891,0.506967,0.508876,3.23058,17.1924,0,0,4840,137,1896,2228,409,0,0,88,82
2220000,0.0738871,0.489601,0.479532,3.32521,17.0815,0,0,4886,112,1972,2192,437,0,0,84,89
2230000,0.0621242,0.508197,0.509434,3.3028,16.9732,0,0,4858,111,1884,2277,428,0,0,80,78
2240000,0.0576923,0.494243,0.526012,3.38753,16.7987,0,0,4859,131,1914,2189,453,0,0,90,82
2250000,0.06182,0.503298,0.496933,3.49272,16.6433,0,0,5013,138,1916,2299,494,0,0,83,83
2260000,0.069541,0.505259,0.554217,3.46753,16.492,0,0,5112,132,1967,2365,478,0,0,93,77
2270000,0.0722665,0.503522,0.488889,3.37432,16.3805,0,0,5148,158,1977,2346,487,0,0,87,93
2280000,0.0614286,0.493724,0.447514,3.37944,16.3188,0,0,4960,123,1975,2235,446,0,0,81,100
2290000,0.0626808,0.493626,0.490909,3.3196,16.0822,0,0,4950,147,1972,2214,451,0,0,82,84
2300000,0.0736398,0.482999,0.52,3.39515,16.0928,0,0,4912,113,1954,2170,495,0,0,94,86
2310000,0.0707662,0.498134,0.525714,3.45618,16.1355,0,0,4998,151,1903,2250,519,0,0,91,84
2320000,0.0707881,0.504626,0.50289,3.47773,15.987,0,0,5141,136,1982,2373,477,0,0,86,87
2330000,0.0780205,0.493294,0.475309,3.56343,15.957,0,0,5234,155,2042,2345,529,0,0,79,84
2340000,0.0692641,0.502433,0.475676,3.67083,15.7933,0,0,5119,144,1942,2335,512,0,0,88,98
2350000,0.0773346,0.510408,0.451429,3.72877,15.6926,0,0,5169,156,1909,2391,541,0,0,82,90
2360000,0.0707476,0.505244,0.522727,3.79692,15.6508,0,0,5131,147,1864,2359,589,0,0,91,81
2370000,0.0815091,0.494565,0.546512,3.84047,15.572,0,0,5140,147,1929,2310,583,0,0,93,78
2380000,0.0690282,0.480724,0.521978,3.88494,15.453,0,0,5267,155,2063,2288,582,0,0,97,82
2390000,0.0829384,0.492151,0.527363,3.83582,15.3152,0,0,5104,128,1887,2283,600,0,0,109,97
2400000,0.0657456,0.489699,0.496689,3.91525,15.3041,0,0,5192,160,1977,2313,596,0,0,72,74
2410000,0.062004,0.505991,0.52,3.90672,15.148,0,0,5264,149,1925,2426,589,0,0,90,85
2420000,0.0804213,0.496135,0.425641,3.966,15.0397,0,0,5236,165,1902,2336,639,0,0,83,111
2430000,0.0879962,0.508589,0.505051,3.95574,14.9237,0,0,5377,159,1894,2478,651,0,0,97,98
2440000,0.0731351,0.505117,0.533708,3.96418,14.8284,0,0,5360,155,1908,2461,659,0,0,97,80
2450000,0.0765527,0.493866,0.508671,4.13301,14.8702,0,0,5225,170,1910,2326,650,0,0,88,81
2460000,0.0974917,0.508206,0.485437,4.21117,14.7195,0,0,5498,173,1883,2517,723,0,0,98,104
2470000,0.0815032,0.495257,0.514451,4.2394,14.6718,0,0,5234,180,1870,2326,686,0,0,91,81
2480000,0.0849927,0.505112,0.491803,4.3365,14.6447,0,0,5471,182,1878,2487,734,0,0,91,99
2490000,0.0805207,0.502086,0.474286,4.29677,14.6086,0,0,5452,192,1938,2460,689,0,0,80,93
2500000,0.0806452,0.489696,0.516484,4.36272,14.5518,0,0,5274,164,1886,2330,712,0,0,92,90
2510000,0.0912425,0.503154,0.427807,4.42014,14.5263,0,0,5729,169,1954,2620,798,0,0,80,108
2520000,0.0919431,0.49678,0.435,4.43769,14.4032,0,0,5481,171,1877,2448,781,0,0,90,114
2530000,0.0906329,0.499707,0.534091,4.50547,14.4093,0,0,5306,196,1790,2364,774,0,0,97,85
2540000,0.0884998,0.494089,0.497041,4.55498,14.3827,0,0,5584,167,1922,2505,819,0,0,87,84
2550000,0.0890443,0.493889,0.521531,4.60229,14.2241,0,0,5773,170,1957,2578,860,0,0,108,100
2560000,0.0977654,0.497386,0.510638,4.51415,14.2246,0,0,5547,179,1904,2483,790,0,0,99,92
2570000,0.0773295,0.492574,0.420118,4.5713,14.2123,0,0,5484,197,1932,2420,768,0,0,71,96
2580000,0.0880503,0.492348,0.460606,4.66343,14.061,0,0,5458,155,1888,2450,800,0,0,78,87
2590000,0.081959,0.502257,0.510638,4.62018,13.9113,0,0,5500,194,1843,2478,799,0,0,94,92
2600000,0.0883191,0.499277,0.541899,4.60564,13.8307,0,0,5713,200,1923,2563,848,0,0,97,82
2610000,0.0870623,0.505445,0.5625,4.66982,13.8122,0,0,5709,190,1864,2596,864,0,0,109,86
2620000,0.0854415,0.49794,0.538922,4.75339,13.6621,0,0,5750,194,1929,2586,878,0,0,91,72
2630000,0.0868753,0.493625,0.516667,4.77907,13.5608,0,0,5753,204,1951,2548,870,0,0,91,89
2640000,0.101297,0.503059,0.54359,4.76739,13.4618,0,0,5752,168,1802,2626,961,0,0,110,85
2650000,0.108587,0.488813,0.447514,4.80829,13.5109,0,0,5764,168,1910,2561,944,0,0,83,98
2660000,0.0840057,0.498337,0.547619,4.82758,13.4365,0,0,5881,213,1958,2634,907,0,0,91,78
2670000,0.0803616,0.495162,0.511236,4.83434,13.4219,0,0,5656,229,1845,2482,919,0,0,94,87
2680000,0.0882501,0.504315,0.502732,4.83923,13.4226,0,0,5741,195,1836,2608,918,0,0,94,90
2690000,0.0965645,0.495003,0.488372,4.82394,13.3795,0,0,5873,201,1920,2622,959,0,0,83,88
2700000,0.0903194,0.499638,0.507538,4.7972,13.3174,0,0,5715,206,1828,2554,931,0,0,97,99
2710000,0.0941526,0.501165,0.519553,4.77463,13.1814,0,0,5755,231,1832,2559,948,0,0,97,88
2720000,0.0960039,0.506018,0.435,4.90539,13.1807,0,0,6014,207,1887,2738,983,0,0,85,114
2730000,0.101442,0.493279,0.521739,4.96164,13.0753,0,0,5840,197,1842,2591,1021,0,0,97,92
2740000,0.0980839,0.488666,0.472826,4.95341,12.9437,0,0,5967,180,1948,2644,1009,0,0,92,94
2750000,0.102249,0.498361,0.547368,4.98153,12.8309,0,0,5684,191,1766,2543,990,0,0,110,84
2760000,0.0948232,0.500178,0.448649,4.99004,12.7233,0,0,5822,213,1799,2607,1019,0,0,82,102
2770000,0.113217,0.505341,0.52459,4.99633,12.6476,0,0,5987,201,1756,2731,1110,0,0,100,89
2780000,0.101887,0.491496,0.492308,4.97497,12.5842,0,0,5952,194,1882,2638,1047,0,0,96,95
2790000,0.0942205,0.493788,0.455026,4.97274,12.6059,0,0,5907,252,1879,2573,1014,0,0,85,104
2800000,0.116199,0.499912,0.44385,4.99438,12.5014,0,0,5875,221,1765,2621,1081,0,0,84,103
2810000,0.1175,0.500173,0.497297,5.00369,12.4721,0,0,5967,214,1783,2677,1109,0,0,93,91
2820000,0.113074,0.501148,0.556818,5.0101,12.4444,0,0,5839,235,1763,2605,1059,0,0,97,80
2830000,0.112337,0.505142,0.462857,5.06903,12.2883,0,0,6012,220,1760,2729,1128,0,0,80,95
2840000,0.120937,0.501012,0.491713,5.09203,12.1783,0,0,6107,213,1808,2753,1149,0,0,92,92
2850000,0.101626,0.494631,0.540404,5.0779,12.1997,0,0,5879,223,1795,2587,1077,0,0,106,91
2860000,0.114022,0.495942,0.555556,5.03961,12.1218,0,0,5984,214,1824,2660,1094,0,0,102,90
2870000,0.110784,0.498792,0.469388,5.03203,12.0075,0,0,5994,225,1816,2664,1087,0,0,94,108
2880000,0.121422,0.501965,0.518519,5.05022,11.9431,0,0,6033,218,1761,2720,1151,0,0,93,90
2890000,0.109643,0.503867,0.46875,5.05094,11.7987,0,0,6144,267,1817,2730,1138,0,0,90,102
2900000,0.110898,0.489205,0.488506,5.07676,11.646,0,0,6006,226,1862,2624,1120,0,0,85,89
2910000,0.117819,0.493454,0.513661,5.02874,11.5293,0,0,5915,238,1785,2589,1115,0,0,98,90
2920000,0.120753,0.505374,0.552486,5.02134,11.4988,0,0,5950,236,1698,2679,1157,0,0,100,80
2930000,0.12885,0.506447,0.439394,5.04106,11.4882,0,0,6088,239,1706,2748,1203,0,0,85,107
2940000,0.128255,0.490472,0.514286,5.14064,11.3396,0,0,6001,221,1789,2641,1177,0,0,87,86
2950000,0.13442,0.510343,0.577143,5.19579,11.2634,0,0,6364,261,1713,2898,1318,0,0,103,71
2960000,0.126917,0.502949,0.516129,5.2191,11.1448,0,0,6125,267,1672,2718,1275,0,0,102,91
2970000,0.138486,0.509403,0.570048,5.30142,10.9947,0,0,6214,266,1629,2795,1318,0,0,120,86
2980000,0.156794,0.496146,0.519774,5.33716,10.9065,0,0,6270,236,1646,2786,1425,0,0,93,84
2990000,0.142643,0.500886,0.491713,5.27851,10.7973,0,0,6384,277,1679,2838,1420,0,0,81,89
3000000,0.133641,0.495503,0.510526,5.33129,10.8748,0,0,6191,264,1692,2709,1335,0,0,96,95
3010000,0.148028,0.501732,0.489011,5.39117,10.6071,0,0,6248,277,1585,2768,1436,0,0,89,93
3020000,0.169359,0.502549,0.543147,5.41778,10.5078,0,0,6276,266,1519,2791,1508,0,0,106,86
3030000,0.143428,0.493274,0.518072,5.41182,10.2534,0,0,6481,298,1700,2817,1504,0,0,86,76
3040000,0.181461,0.513031,0.453608,5.38219,9.99174,0,0,6413,297,1443,2894,1588,0,0,85,106
3050000,0.16165,0.496962,0.532609,5.40711,9.86063,0,0,6271,306,1497,2719,1565,0,0,98,86
3060000,0.185714,0.506925,0.454082,5.39536,9.72801,0,0,6331,269,1390,2838,1642,0,0,91,101
3070000,0.178838,0.504779,0.488506,5.31213,9.61134,0,0,6350,322,1403,2796,1655,0,0,85,89
3080000,0.172638,0.495753,0.539773,5.31994,9.62621,0,0,6295,316,1522,2719,1566,0,0,93,79
3090000,0.178133,0.499206,0.423729,5.25282,9.36115,0,0,6471,324,1521,2819,1633,0,0,73,101
3100000,0.177986,0.503836,0.455959,5.28693,9.13486,0,0,6451,319,1432,2835,1675,0,0,86,104
3110000,0.179256,0.490683,0.523529,5.25406,8.86748,0,0,6286,319,1480,2684,1635,0,0,87,81
3120000,0.212406,0.508205,0.530726,5.30677,8.85029,0,0,6399,328,1262,2831,1797,0,0,96,85
3130000,0.194706,0.492717,0.5,5.3727,8.49782,0,0,6426,377,1369,2701,1798,0,0,89,92
3140000,0.214713,0.490143,0.464286,5.48977,8.30301,0,0,6452,370,1325,2716,1876,0,0,73,92
3150000,0.252343,0.509475,0.480226,5.47249,8.07209,0,0,6561,393,1120,2859,2012,0,0,83,94
3160000,0.305936,0.515505,0.478947,5.55975,7.81068,0,0,6703,380,943,2978,2212,0,0,88,102
3170000,0.292258,0.501073,0.529101,5.49471,7.59625,0,0,6717,390,1041,2881,2214,0,0,97,94
3180000,0.320679,0.510452,0.565789,5.54461,7.24662,0,0,6658,420,841,2902,2347,0,0,84,64
3190000,0.292473,0.499068,0.557692,5.49249,7.18728,0,0,6589,429,1020,2787,2196,0,0,86,71
3200000,0.272053,0.492406,0.47561,5.49123,7.08711,0,0,6555,408,1033,2738,2212,0,0,81,83
3210000,0.296748,0.494365,0.502959,5.41716,6.98026,0,0,6736,456,1036,2791,2286,0,0,83,84
3220000,0.325053,0.496967,0.550725,5.42528,6.84363,0,0,6638,453,941,2739,2294,0,0,120,91
3230000,0.340206,0.508426,0.533708,5.4288,6.87328,0,0,6763,440,839,2909,2396,0,0,95,84
3240000,0.346029,0.501916,0.589744,5.39286,6.60714,0,0,6417,434,817,2711,2298,0,0,93,64
3250000,0.308181,0.488744,0.448052,5.31032,6.57189,0,0,6461,431,999,2652,2226,0,0,69,84
3260000,0.360996,0.506438,0.5,5.39541,6.39847,0,0,6540,426,762,2800,2382,0,0,85,85
3270000,0.385,0.507921,0.491228,5.25436,6.36064,0,0,6361,402,689,2742,2356,0,0,83,89
3280000,0.34507,0.501628,0.417808,5.32825,6.35988,0,0,6291,429,846,2650,2218,0,0,66,82
3290000,0.369355,0.508124,0.534884,5.38159,6.34749,0,0,6452,465,784,2722,2304,0,0,94,83
3300000,0.351311,0.492391,0.489796,5.38021,6.24303,0,0,6386,403,857,2669,2307,0,0,74,76
3310000,0.358164,0.493465,0.558659,5.43126,6.15992,0,0,6372,446,810,2613,2329,0,0,95,79
3320000,0.383446,0.501044,0.545455,5.48874,6.074,0,0,6392,488,756,2630,2350,0,0,92,76
3330000,0.42753,0.507334,0.543046,5.47716,5.94435,0,0,6415,488,614,2700,2471,0,0,74,68
3340000,0.480591,0.507692,0.453488,5.51544,5.85157,0,0,6542,497,526,2734,2608,0,0,81,96
3350000,0.4075,0.493296,0.513889,5.44107,5.74273,0,0,6262,473,658,2544,2441,0,0,74,72
3360000,0.458213,0.499537,0.451977,5.59423,5.67157,0,0,6659,504,589,2732,2653,0,0,80,101
3370000,0.498201,0.502393,0.459627,5.6231,5.6243,0,0,6641,450,465,2803,2758,0,0,76,89
3380000,0.577128,0.509212,0.491713,5.60043,5.52339,0,0,6477,661,492,2548,2597,0,0,86,93
3390000,0.448463,0.493112,0.534591,5.52711,5.47228,0,0,6547,520,634,2629,2607,0,0,83,74
3400000,0.439819,0.495002,0.491713,5.45914,5.43879,0,0,6388,526,637,2545,2502,0,0,93,85
3410000,0.487524,0.495045,0.458065,5.46234,5.39654,0,0,6307,502,536,2542,2576,0,0,71,80
3420000,0.537684,0.5,0.476821,5.56699,5.37618,0,0,6247,558,480,2489,2570,0,0,72,78
3430000,0.557596,0.499579,0.538462,5.58142,5.31451,0,0,6092,619,502,2347,2471,0,0,82,71
3440000,0.513736,0.500684,0.465517,5.49052,5.2855,0,0,6014,537,517,2388,2404,0,0,80,88
3450000,0.543002,0.499063,0.50365,5.30471,5.17537,0,0,5474,647,510,2013,2167,0,0,71,66
3460000,0.546798,0.499579,0.507463,5.08321,5.13445,0,0,4879,661,551,1711,1824,0,0,65,67
3470000,0.497056,0.497423,0.462963,4.60325,4.78398,0,0,3995,588,607,1339,1344,0,0,52,65
3480000,0.500401,0.501674,0.4375,4.66528,4.47325,0,0,3364,601,601,1045,1034,0,0,39,44
3490000,0.544678,0.494334,0.565217,5.05324,4.35544,0,0,3362,699,576,916,1074,0,0,55,42
3500000,0.506757,0.508448,0.487805,4.84183,4.47542,0,0,3275,672,647,953,923,0,0,37,43
3510000,0.600149,0.494819,0.483516,5.6066,3.98491,0,0,3180,785,544,744,1017,0,0,42,48
3520000,0.581295,0.500311,0.511364,5.66606,4.22839,0,0,3297,812,584,794,1022,0,0,44,41
3530000,0.637968,0.509667,0.523256,6.0352,4.0071,0,0,3239,904,504,704,1042,0,0,43,42
3540000,0.582786,0.496825,0.479592,5.9457,4.53566,0,0,3407,798,581,844,1084,0,0,48,52
3550000,0.560575,0.507611,0.494118,5.46368,4.43493,0,0,3304,810,644,823,941,0,0,43,43
3560000,0.554993,0.493019,0.60396,5.29997,4.34889,0,0,3107,764,633,720,888,0,0,60,42
3570000,0.567164,0.493232,0.522727,5.68293,4.34211,0,0,3116,761,585,729,950,0,0,48,43
3580000,0.559103,0.505242,0.54023,6.07006,4.80144,0,0,3611,821,636,959,1106,0,0,48,41
3590000,0.594396,0.492059,0.58427,6.30767,4.44474,0,0,3429,867,605,778,1090,0,0,52,37
3600000,0.573665,0.500898,0.595745,6.2174,4.78172,0,0,3436,815,613,860,1055,0,0,57,36
3610000,0.524869,0.494759,0.514019,5.90983,4.9713,0,0,3449,802,706,849,982,0,0,57,53
3620000,0.570687,0.502165,0.421053,6.34787,4.61395,0,0,3326,887,670,735,940,0,0,39,55
3630000,0.563729,0.497328,0.522727,6.54548,4.71495,0,0,3452,891,679,783,1013,0,0,46,40
3640000,0.664549,0.516913,0.505618,7.31388,4.52364,0,0,3342,1045,546,639,1026,0,0,43,43
3650000,0.570517,0.503268,0.462264,6.75367,5.22245,0,0,3475,874,666,822,1005,0,0,50,58
3660000,0.515625,0.505646,0.508929,5.90276,5.52863,0,0,3301,817,767,794,808,0,0,59,56
3670000,0.549742,0.491098,0.5,6.75773,5.79668,0,0,3492,855,708,799,1008,0,0,60,62
3680000,0.508308,0.504903,0.401639,6.47126,6.19333,0,0,3688,833,784,965,987,0,0,48,71
3690000,0.49602,0.492091,0.587629,6.3245,6.06553,0,0,3510,820,826,861,908,0,0,55,40
3700000,0.47526,0.491362,0.46789,6.34838,6.48807,0,0,3522,777,862,902,878,0,0,47,56
3710000,0.505461,0.512053,0.522936,6.47903,6.48607,0,0,3553,839,768,926,909,0,0,59,52
3720000,0.473842,0.499853,0.484848,6.25329,6.59216,0,0,3494,769,863,927,835,0,0,49,51
3730000,0.503117,0.499258,0.481132,6.53036,6.58158,0,0,3475,813,801,869,887,0,0,50,55
3740000,0.495098,0.500741,0.5125,6.54517,6.91257,0,0,3454,803,813,886,871,0,0,42,39
3750000,0.444707,0.490555,0.5,6.33816,7.38603,0,0,3593,757,930,955,848,0,0,52,51
3760000,0.490208,0.505149,0.452991,6.45683,7.23243,0,0,3614,822,872,947,857,0,0,51,65
3770000,0.538327,0.497242,0.487805,6.99187,6.46201,0,0,3567,899,786,816,946,0,0,59,61
3780000,0.476134,0.486857,0.541667,6.69721,7.19293,0,0,3623,831,887,875,911,0,0,65,54
3790000,0.42915,0.487165,0.479339,6.2365,7.93099,0,0,3666,755,981,972,839,0,0,56,63
3800000,0.476134,0.503797,0.556522,6.53758,7.67211,0,0,3672,842,893,954,872,0,0,60,51
3810000,0.457617,0.499147,0.530435,6.07451,7.77316,0,0,3637,816,952,943,809,0,0,59,58
3820000,0.410084,0.50256,0.512605,5.45532,8.5609,0,0,3637,733,1055,1037,693,0,0,63,56
3830000,0.365659,0.491676,0.540816,5.266,9.23973,0,0,3579,635,1102,1078,672,0,0,50,42
3840000,0.277744,0.498324,0.481203,4.77733,10.8535,0,0,3714,474,1202,1313,593,0,0,63,69
3850000,0.363429,0.516703,0.576923,5.35499,9.91918,0,0,3786,641,1105,1244,661,0,0,77,58
3860000,0.240548,0.488664,0.539683,4.25723,11.4801,0,0,3872,448,1381,1384,536,0,0,65,58
3870000,0.30906,0.490848,0.456693,5.19309,10.5083,0,0,3677,555,1217,1190,593,0,0,57,65
3880000,0.312201,0.494046,0.535088,4.80258,10.469,0,0,3561,545,1144,1155,602,0,0,64,51
3890000,0.274623,0.504678,0.551724,4.34348,11.2037,0,0,3648,473,1256,1311,490,0,0,61,57
3900000,0.319087,0.489598,0.508929,5.25973,10.4206,0,0,3623,550,1160,1170,632,0,0,56,55
3910000,0.319822,0.496899,0.492308,5.17713,10.6301,0,0,3839,554,1228,1290,641,0,0,63,63
3920000,0.356264,0.513877,0.529412,5.20697,10.2003,0,0,3759,636,1148,1231,622,0,0,66,56
3930000,0.351291,0.488453,0.509804,5.8915,10.3611,0,0,3871,624,1149,1194,754,0,0,77,73
3940000,0.283875,0.507483,0.442478,4.64437,11.7268,0,0,3723,506,1282,1322,498,0,0,52,63
3950000,0.275982,0.502148,0.548148,4.37679,11.7274,0,0,3628,480,1269,1274,469,0,0,74,62
3960000,0.305104,0.494938,0.450704,4.92979,11.2139,0,0,3703,549,1224,1213,571,0,0,65,81
3970000,0.286364,0.511185,0.432624,4.57428,11.9668,0,0,3763,497,1253,1354,518,0,0,60,81
3980000,0.273721,0.497124,0.561983,4.78043,12.1283,0,0,3771,471,1269,1342,568,0,0,68,53
3990000,0.261565,0.498878,0.473684,4.52962,12.672,0,0,3680,458,1296,1321,497,0,0,53,55
4000000,0.290899,0.509502,0.514706,5.06984,12.2775,0,0,3766,501,1212,1349,565,0,0,71,68
4010000,0.276323,0.486523,0.546099,4.95908,12.1603,0,0,3812,501,1301,1287,581,0,0,76,66
4020000,0.313692,0.496542,0.466165,5.31218,11.5873,0,0,3751,542,1185,1254,634,0,0,62,74
4030000,0.350056,0.494028,0.552239,5.81916,11.0633,0,0,3821,647,1158,1176,703,0,0,76,61
4040000,0.317869,0.507772,0.5,5.24408,11.6785,0,0,3798,563,1193,1301,612,0,0,65,64
4050000,0.259401,0.48834,0.553191,4.26401,12.1815,0,0,3746,509,1373,1251,471,0,0,76,66
4060000,0.24757,0.4937,0.478261,4.36641,12.5873,0,0,3608,455,1306,1271,464,0,0,52,60
4070000,0.253247,0.496093,0.544218,4.45349,12.5006,0,0,3859,445,1370,1396,499,0,0,82,67
4080000,0.261726,0.494851,0.552,4.55061,12.1872,0,0,3616,463,1284,1266,480,0,0,67,56
4090000,0.226994,0.493667,0.534483,4.25751,12.9444,0,0,3829,410,1382,1423,498,0,0,63,53
4100000,0.26414,0.501984,0.485294,4.46456,12.4817,0,0,3668,444,1308,1325,451,0,0,68,72
4110000,0.228443,0.51049,0.5,4.29572,13.1901,0,0,3855,403,1376,1495,445,0,0,70,66
4120000,0.229563,0.509096,0.469231,4.53901,13.1632,0,0,3922,421,1380,1509,481,0,0,61,70
4130000,0.273218,0.512455,0.479339,5.10767,12.725,0,0,3975,497,1335,1477,541,0,0,62,63
4140000,0.269009,0.489289,0.508333,5.01317,12.4819,0,0,3949,493,1394,1381,559,0,0,62,60
4150000,0.274123,0.493657,0.466165,5.04013,12.6699,0,0,3838,513,1316,1317,558,0,0,63,71
4160000,0.276234,0.511147,0.398374,5.05824,12.7062,0,0,3846,491,1270,1412,552,0,0,48,73
4170000,0.241436,0.498396,0.517986,4.52614,13.3119,0,0,3883,440,1390,1425,484,0,0,73,71
4180000,0.253412,0.510022,0.472,4.88132,12.9828,0,0,3716,448,1261,1383,500,0,0,58,66
4190000,0.299278,0.499164,0.507692,5.27518,12.1058,0,0,3714,522,1252,1267,545,0,0,66,62
4200000,0.314018,0.508539,0.507812,5.2862,12.0571,0,0,3819,546,1249,1330,565,0,0,67,62
4210000,0.367166,0.497802,0.552381,6.47079,11.0315,0,0,3749,653,1137,1159,691,0,0,59,50
4220000,0.352654,0.493184,0.477273,6.02393,11.1794,0,0,3802,647,1207,1164,653,0,0,61,70
4230000,0.334426,0.492999,0.45,6.14881,11.766,0,0,3837,611,1235,1221,651,0,0,54,65
4240000,0.369324,0.498352,0.534884,6.56042,11.1843,0,0,3765,677,1137,1137,686,0,0,68,60
4250000,0.31677,0.506024,0.472441,5.54151,12.1804,0,0,3614,561,1227,1204,490,0,0,61,71
4260000,0.339754,0.498378,0.486957,6.11842,12.0262,0,0,3817,621,1222,1222,634,0,0,59,59
4270000,0.27799,0.492906,0.55814,5.5169,13.2839,0,0,3935,497,1330,1381,599,0,0,71,57
4280000,0.326881,0.496022,0.540741,5.86624,12.2263,0,0,3783,578,1225,1229,612,0,0,76,63
4290000,0.329142,0.496886,0.520325,6.11868,12.2266,0,0,3817,601,1227,1235,632,0,0,66,56
4300000,0.31019,0.499726,0.485075,5.66129,12.502,0,0,3779,559,1224,1264,597,0,0,65,70
4310000,0.298499,0.508812,0.576389,4.93777,13.0423,0,0,3664,530,1269,1262,461,0,0,83,59
4320000,0.286682,0.506512,0.417323,5.01775,13.2983,0,0,3661,518,1262,1271,482,0,0,55,73
4330000,0.248187,0.490235,0.434426,4.72976,13.5279,0,0,3656,440,1342,1293,458,0,0,52,71
4340000,0.169473,0.498859,0.487395,2.73013,15.3275,0,0,3624,312,1527,1438,227,0,0,58,62
4350000,0.134925,0.501854,0.512605,2.28725,15.9832,0,0,3624,224,1558,1536,185,0,0,61,60
4360000,0.0980066,0.500549,0.544218,2.65224,16.4464,0,0,3790,202,1619,1626,202,0,0,77,64
4370000,0.095452,0.504907,0.5,2.82009,16.8041,0,0,3813,183,1612,1669,204,0,0,73,72
4380000,0.152663,0.493742,0.5,4.10898,15.8642,0,0,3918,291,1546,1566,357,0,0,77,81
4390000,0.202247,0.491799,0.532051,4.14028,14.7909,0,0,3935,364,1492,1496,428,0,0,84,71
4400000,0.201209,0.497718,0.5,4.33074,15.1975,0,0,3849,364,1456,1490,416,0,0,60,63
4410000,0.193348,0.504089,0.547297,4.03094,15.312,0,0,3814,333,1444,1516,376,0,0,79,66
4420000,0.186506,0.491958,0.512397,3.67865,15.3568,0,0,3728,336,1473,1436,360,0,0,65,58
4430000,0.162237,0.491297,0.516667,3.33976,16.4223,0,0,3682,293,1512,1458,299,0,0,61,59
4440000,0.145396,0.5,0.458333,2.89969,17.0622,0,0,3828,260,1583,1594,271,0,0,53,67
4450000,0.10075,0.494057,0.465278,2.45367,17.7816,0,0,3842,208,1690,1617,185,0,0,67,75
4460000,0.0816886,0.483636,0.621212,2.24744,17.8922,0,0,3710,151,1670,1578,177,0,0,84,50
4470000,0.0723164,0.49929,0.473282,1.8712,18.6865,0,0,3649,89,1641,1669,122,0,0,61,67
4480000,0.0507365,0.50327,0.5,1.46456,18.6161,0,0,3795,96,1731,1748,90,0,0,64,66
4490000,0.0551432,0.5,0.46875,1.05876,18.8617,0,0,3846,117,1775,1726,70,0,0,72,86
4500000,0.053473,0.498605,0.496599,1.14741,18.9319,0,0,3731,78,1716,1711,83,0,0,71,72
4510000,0.0532151,0.506751,0.467153,0.954111,18.922,0,0,3770,99,1724,1740,68,0,0,65,74
4520000,0.0515298,0.50243,0.47929,1.16546,19.1288,0,0,3874,84,1764,1774,81,0,0,81,90
4530000,0.0576307,0.501085,0.51938,1.04186,19.213,0,0,3822,104,1755,1747,83,0,0,69,64
4540000,0.0585339,0.51004,0.530726,1.38424,19.3131,0,0,3909,100,1721,1805,109,0,0,92,82
4550000,0.0447598,0.497945,0.432836,1.27619,19.4347,0,0,3780,93,1739,1724,96,0,0,57,71
4560000,0.0461869,0.492236,0.454545,1.30222,19.3576,0,0,3825,109,1772,1699,90,0,0,71,84
4570000,0.053999,0.494986,0.548611,1.38795,19.2734,0,0,4034,96,1845,1828,119,0,0,80,66
4580000,0.0498426,0.50649,0.548387,1.27683,19.3193,0,0,4006,113,1797,1835,101,0,0,88,72
4590000,0.0408163,0.491145,0.539474,1.27016,19.4126,0,0,3931,104,1830,1754,91,0,0,81,71
4600000,0.055726,0.491525,0.467949,1.28539,19.4139,0,0,3991,83,1834,1802,114,0,0,73,85
4610000,0.0414322,0.496595,0.486667,1.2373,19.3586,0,0,4113,87,1901,1882,93,0,0,73,77
4620000,0.0378517,0.491849,0.54375,1.36655,19.1829,0,0,4084,109,1891,1825,101,0,0,83,75
4630000,0.0548902,0.509695,0.525974,1.63061,19.1432,0,0,4280,121,1868,1981,152,0,0,83,75
4640000,0.0568125,0.483598,0.459854,1.65882,19.0823,0,0,4036,102,1853,1784,158,0,0,64,75
4650000,0.057171,0.484426,0.453846,1.75048,19.1569,0,0,4144,100,1891,1842,179,0,0,60,72
4660000,0.0554484,0.485749,0.532164,1.97792,19.0009,0,0,4348,104,1944,1924,203,0,0,94,79
4670000,0.0403727,0.496338,0.518072,2.13535,18.7809,0,0,4263,112,1872,1923,190,0,0,85,81
4680000,0.0532338,0.495123,0.490798,2.14485,18.7973,0,0,4370,105,1909,1978,214,0,0,80,84
4690000,0.0419546,0.487315,0.417722,2.119,18.6974,0,0,4336,99,1953,1939,190,0,0,64,91
4700000,0.0429537,0.488399,0.488235,2.12337,18.8724,0,0,4442,117,2003,1968,182,0,0,86,86
4710000,0.0615234,0.49663,0.490909,2.18788,18.7596,0,0,4471,89,1909,2047,258,0,0,82,86
4720000,0.057554,0.501319,0.513812,2.22097,18.5675,0,0,4349,138,1846,1954,232,0,0,91,88
4730000,0.063453,0.504494,0.555556,2.45214,18.5082,0,0,4492,101,1868,2089,280,0,0,86,68
4740000,0.0492683,0.48942,0.52809,2.67279,18.3386,0,0,4572,91,1967,2061,278,0,0,92,83
4750000,0.0602646,0.490178,0.472727,2.75072,18.2097,0,0,4545,109,1924,2041,310,0,0,75,86
4760000,0.0606357,0.496278,0.462857,2.92642,18.0718,0,0,4607,99,1897,2098,337,0,0,82,94
4770000,0.0526316,0.513332,0.430233,3.04702,17.8598,0,0,4785,149,1867,2218,378,0,0,74,99
4780000,0.0658537,0.491857,0.476821,3.12212,17.555,0,0,4692,117,1915,2117,396,0,0,71,76
4790000,0.0666991,0.493481,0.465839,3.28059,17.3354,0,0,4765,122,1902,2151,428,0,0,76,86
4800000,0.064833,0.513679,0.543353,3.41458,17.0534,0,0,5075,138,1914,2379,471,0,0,95,78
4810000,0.0788852,0.49745,0.536842,3.53517,16.7308,0,0,5090,144,1926,2297,536,0,0,99,88
4820000,0.0783848,0.513619,0.5,3.68424,16.6274,0,0,5292,146,1940,2473,545,0,0,95,93
4830000,0.0575891,0.492675,0.589474,3.81273,16.6585,0,0,4966,149,1945,2206,478,0,0,112,76
4840000,0.0768176,0.501566,0.457143,3.92658,16.3188,0,0,5285,157,1978,2407,568,0,0,80,95
4850000,0.0651417,0.50031,0.49162,3.89964,16.1014,0,0,5022,167,1883,2256,535,0,0,88,93
4860000,0.0622887,0.49519,0.531579,3.96658,16.0989,0,0,5177,165,1962,2306,556,0,0,99,89
4870000,0.070491,0.500795,0.511236,3.96643,15.9471,0,0,5213,148,1910,2371,601,0,0,95,88
4880000,0.0729455,0.491951,0.509202,4.07501,15.6139,0,0,5266,132,1994,2376,595,0,0,87,82
4890000,0.0770722,0.506841,0.579787,4.15669,15.6162,0,0,5380,174,1918,2456,640,0,0,109,83
4900000,0.0833747,0.504086,0.480874,4.20004,15.4866,0,0,5329,168,1857,2426,692,0,0,88,98
4910000,0.0797898,0.502308,0.535714,4.22414,15.3598,0,0,5394,167,1915,2447,674,0,0,101,90
4920000,0.0773346,0.506361,0.431718,4.30991,15.1095,0,0,5408,161,1903,2465,657,0,0,95,127
4930000,0.0795287,0.503692,0.519126,4.31541,15.0488,0,0,5469,173,1887,2489,734,0,0,96,90
4940000,0.0817375,0.493479,0.525316,4.32233,14.9191,0,0,5451,162,1940,2449,741,0,0,85,74
4950000,0.0853057,0.510212,0.491892,4.2991,14.8301,0,0,5473,161,1850,2541,738,0,0,89,94
4960000,0.0837321,0.502274,0.480447,4.19853,14.6438,0,0,5455,173,1902,2479,725,0,0,85,91
4970000,0.0765661,0.492366,0.486631,4.30371,14.4629,0,0,5492,192,2001,2424,693,0,0,88,94
4980000,0.0952148,0.509959,0.5,4.24804,14.2773,0,0,5495,195,1846,2520,763,0,0,86,85
4990000,0.0852928,0.50018,0.477778,4.30683,14.041,0,0,5736,201,1978,2576,798,0,0,88,95
5000000,0.0956271,0.509081,0.518293,4.33042,13.974,0,0,5614,175,1889,2598,787,0,0,87,78
5010000,0.0853717,0.486476,0.48125,4.39967,13.8622,0,0,5412,166,1914,2387,784,0,0,78,83
5020000,0.0859962,0.490312,0.536842,4.40192,13.7771,0,0,5613,167,1946,2487,817,0,0,108,88
5030000,0.0886747,0.506829,0.573604,4.34377,13.6958,0,0,5684,205,1913,2580,794,0,0,109,83
5040000,0.0974212,0.498694,0.46789,4.36456,13.6182,0,0,5582,185,1893,2487,796,0,0,106,115
5050000,0.0948655,0.504001,0.528796,4.37653,13.3551,0,0,5564,204,1857,2501,807,0,0,106,89
5060000,0.0976068,0.497114,0.443243,4.4209,13.1849,0,0,5733,204,1905,2551,884,0,0,84,105
5070000,0.0848794,0.486491,0.559211,4.39735,13.1459,0,0,5592,210,1995,2438,800,0,0,82,67
5080000,0.0909091,0.496539,0.521472,4.47732,13.0312,0,0,5512,198,1850,2457,842,0,0,86,79
5090000,0.0873321,0.498379,0.505263,4.5459,12.8558,0,0,5741,213,1919,2551,865,0,0,98,95
5100000,0.101034,0.49267,0.549133,4.63075,12.8492,0,0,5698,196,1928,2529,879,0,0,93,73
5110000,0.099142,0.495687,0.517241,4.68154,12.6842,0,0,5737,208,1888,2552,917,0,0,88,84
5120000,0.101604,0.494436,0.5,4.76832,12.4387,0,0,5840,231,1881,2571,979,0,0,86,92
5130000,0.0895208,0.505155,0.455882,4.79852,12.3041,0,0,5926,204,1807,2688,1023,0,0,93,111
5140000,0.111762,0.496526,0.513661,4.72311,12.2786,0,0,5793,218,1831,2569,997,0,0,94,84
5150000,0.0977667,0.490543,0.510526,4.9111,12.1946,0,0,5838,223,1822,2550,1054,0,0,96,93
5160000,0.0988539,0.48934,0.463918,4.94515,12.1734,0,0,6016,246,1933,2598,1041,0,0,94,104
5170000,0.10761,0.49342,0.477528,4.93085,12.163,0,0,5871,216,1866,2592,1022,0,0,85,90
5180000,0.119654,0.507724,0.522843,4.94444,12.0315,0,0,6029,205,1715,2759,1155,0,0,101,94
5190000,0.114061,0.495223,0.390244,5.03784,11.8893,0,0,5919,224,1785,2624,1123,0,0,65,98
5200000,0.115347,0.502511,0.521277,5.14008,11.8243,0,0,6168,245,1794,2755,1179,0,0,101,94
5210000,0.113837,0.49208,0.478788,5.09272,11.6517,0,0,6040,213,1791,2677,1194,0,0,80,85
5220000,0.123002,0.48963,0.484536,5.10349,11.512,0,0,5981,224,1777,2608,1177,0,0,96,99
5230000,0.122172,0.497624,0.486239,5.19012,11.393,0,0,6112,247,1772,2689,1192,0,0,101,111
5240000,0.132382,0.495798,0.5,5.1314,11.3054,0,0,6149,227,1749,2723,1251,0,0,100,99
5250000,0.121951,0.489582,0.530726,5.17867,11.2377,0,0,6179,239,1828,2697,1236,0,0,96,83
5260000,0.141736,0.509127,0.5,5.18271,11.1439,0,0,6234,254,1652,2815,1303,0,0,106,104
5270000,0.118346,0.495572,0.467742,5.27567,11.1408,0,0,6174,225,1737,2742,1283,0,0,88,99
5280000,0.126396,0.500241,0.483254,5.39885,11.0126,0,0,6426,268,1750,2842,1359,0,0,99,108
5290000,0.147059,0.502747,0.502825,5.46523,10.8509,0,0,6371,260,1571,2852,1508,0,0,91,89
5300000,0.129767,0.497812,0.491803,5.41234,10.7403,0,0,6354,294,1676,2776,1426,0,0,91,91
5310000,0.142239,0.508991,0.463158,5.49355,10.8309,0,0,6587,264,1607,2988,1534,0,0,90,104
5320000,0.154408,0.505454,0.494845,5.44759,10.7863,0,0,6430,240,1596,2913,1490,0,0,95,96
5330000,0.129779,0.495005,0.448454,5.41056,10.6741,0,0,6401,273,1735,2803,1398,0,0,85,107
5340000,0.154974,0.504815,0.527094,5.53342,10.6557,0,0,6434,240,1595,2905,1489,0,0,106,99
5350000,0.135676,0.500242,0.485714,5.43108,10.605,0,0,6370,263,1640,2837,1457,0,0,80,93
5360000,0.160548,0.50787,0.52514,5.57393,10.5922,0,0,6344,301,1514,2829,1517,0,0,94,89
5370000,0.136095,0.494709,0.484375,5.611,10.5192,0,0,6329,248,1608,2792,1495,0,0,87,99
5380000,0.175468,0.516813,0.517766,5.53156,10.5005,0,0,6464,306,1478,2939,1552,0,0,94,95
5390000,0.150246,0.497697,0.452736,5.59628,10.4987,0,0,6497,303,1696,2826,1472,0,0,90,110
5400000,0.155638,0.502715,0.470899,5.50388,10.3322,0,0,6450,297,1620,2848,1498,0,0,90,97
5410000,0.151972,0.506117,0.483721,5.58895,10.3433,0,0,6425,275,1528,2866,1543,0,0,103,110
5420000,0.160548,0.495877,0.447368,5.51589,10.1449,0,0,6261,244,1509,2762,1549,0,0,90,107
5430000,0.15355,0.503582,0.461165,5.51187,9.98274,0,0,6488,306,1569,2858,1551,0,0,94,110
5440000,0.155231,0.498413,0.521327,5.59413,9.75046,0,0,6512,302,1511,2840,1648,0,0,109,102
5450000,0.16886,0.508007,0.461538,5.48435,9.66882,0,0,6516,339,1512,2866,1592,0,0,93,114
5460000,0.197216,0.511333,0.507772,5.45787,9.48143,0,0,6408,308,1360,2876,1683,0,0,91,90
5470000,0.165389,0.497136,0.485549,5.46516,9.38294,0,0,6458,305,1535,2821,1623,0,0,84,90
5480000,0.17798,0.493741,0.492063,5.47548,9.48321,0,0,6343,258,1521,2782,1591,0,0,88,103
5490000,0.167863,0.499347,0.471338,5.39106,9.37723,0,0,6288,282,1491,2782,1575,0,0,73,85
5500000,0.174218,0.498009,0.530387,5.34959,9.28611,0,0,6459,296,1541,2828,1610,0,0,97,87
5510000,0.163707,0.496886,0.49375,5.3624,9.25572,0,0,6421,312,1529,2801,1619,0,0,77,83
5520000,0.166577,0.496462,0.496774,5.42776,9.29126,0,0,6513,263,1583,2891,1620,0,0,80,76
5530000,0.191348,0.500715,0.455056,5.58226,9.16144,0,0,6473,307,1427,2842,1715,0,0,82,100
5540000,0.188701,0.505214,0.53125,5.60816,9.0361,0,0,6620,355,1392,2896,1791,0,0,99,87
5550000,0.189817,0.500228,0.519048,5.6086,8.96274,0,0,6791,347,1473,2949,1823,0,0,106,93
5560000,0.193625,0.501573,0.448649,5.64539,8.79001,0,0,6548,347,1355,2845,1814,0,0,83,104
5570000,0.202638,0.505866,0.50495,5.58575,8.64786,0,0,6682,367,1303,2912,1898,0,0,105,97
5580000,0.192628,0.49571,0.5,5.65703,8.61087,0,0,6607,351,1391,2828,1841,0,0,96,100
5590000,0.202656,0.506,0.5,5.46931,8.5524,0,0,6680,332,1369,2952,1839,0,0,94,94
5600000,0.198257,0.492215,0.6,5.44437,8.61757,0,0,6328,299,1443,2736,1688,0,0,98,64
5610000,0.17354,0.491296,0.559783,5.42265,8.52321,0,0,6613,409,1534,2753,1734,0,0,100,83
5620000,0.183796,0.484864,0.538462,5.4,8.4712,0,0,6180,355,1516,2561,1584,0,0,87,77
5630000,0.215357,0.504449,0.492386,5.53578,8.42218,0,0,6708,356,1289,2934,1936,0,0,94,99
5640000,0.185096,0.490683,0.457895,5.62771,8.46849,0,0,6632,353,1394,2804,1886,0,0,92,103
5650000,0.213789,0.505183,0.459459,5.48901,8.35382,0,0,6458,331,1230,2836,1873,0,0,84,104
5660000,0.207469,0.494969,0.57732,5.44806,8.26846,0,0,6459,316,1327,2783,1836,0,0,113,84
5670000,0.192635,0.494857,0.477528,5.42635,8.36771,0,0,6497,341,1443,2783,1754,0,0,85,91
5680000,0.205643,0.499043,0.521053,5.51742,8.26304,0,0,6459,350,1267,2780,1875,0,0,98,89
5690000,0.20423,0.496473,0.452514,5.51739,8.23497,0,0,6554,338,1342,2830,1868,0,0,80,96
5700000,0.241606,0.513564,0.417112,5.55264,8.14727,0,0,6668,399,1164,2926,1997,0,0,80,102
5710000,0.238733,0.500472,0.525714,5.53381,8.013,0,0,6536,325,1221,2858,1959,0,0,90,83
5720000,0.220812,0.493807,0.490323,5.50871,7.9501,0,0,6373,358,1277,2710,1869,0,0,79,80
5730000,0.246455,0.508436,0.568306,5.6482,7.96114,0,0,6768,353,1123,2993,2112,0,0,105,82
5740000,0.25876,0.510674,0.508287,5.61969,7.93347,0,0,6734,351,1083,2997,2122,0,0,93,88
5750000,0.216538,0.49004,0.4875,5.5766,7.78217,0,0,6684,375,1335,2824,1989,0,0,79,82
5760000,0.224592,0.496809,0.556818,5.54811,7.76284,0,0,6599,402,1255,2792,1980,0,0,93,77
5770000,0.27326,0.507184,0.513514,5.50721,7.65597,0,0,6729,392,1064,2926,2158,0,0,99,90
5780000,0.242625,0.495231,0.459016,5.52942,7.64209,0,0,6577,406,1217,2761,2008,0,0,85,100
5790000,0.245983,0.501377,0.514124,5.50961,7.54058,0,0,6715,420,1199,2860,2059,0,0,89,88
5800000,0.264151,0.497857,0.49359,5.51564,7.39018,0,0,6456,363,1098,2775,2066,0,0,73,81
5810000,0.261965,0.492218,0.49162,5.43966,7.23236,0,0,6662,388,1185,2803,2114,0,0,88,84
5820000,0.2772,0.505751,0.517442,5.45664,7.34411,0,0,6434,409,1050,2757,2048,0,0,90,80
5830000,0.272414,0.505691,0.471204,5.39004,7.27971,0,0,6689,398,1096,2888,2117,0,0,90,100
5840000,0.292887,0.505727,0.464865,5.40967,7.23894,0,0,6554,371,978,2851,2175,0,0,84,95
5850000,0.248559,0.498828,0.44586,5.31244,7.22385,0,0,6558,406,1178,2793,2028,0,0,65,88
5860000,0.268091,0.503254,0.56875,5.31493,7.15762,0,0,6465,387,1095,2785,2034,0,0,92,72
5870000,0.266068,0.497324,0.573864,5.23208,7.08792,0,0,6153,375,1067,2594,1942,0,0,101,74
5880000,0.261151,0.499527,0.459893,5.42561,7.04755,0,0,6520,408,1097,2755,2075,0,0,86,99
5890000,0.305696,0.505992,0.540404,5.41226,6.82166,0,0,6622,427,938,2824,2239,0,0,107,87
5900000,0.323636,0.500631,0.555556,5.40212,6.7353,0,0,6513,418,906,2759,2260,0,0,94,76
5910000,0.320172,0.498526,0.477833,5.45853,6.63796,0,0,6643,430,941,2782,2290,0,0,95,105
5920000,0.328069,0.496744,0.42515,5.44671,6.65218,0,0,6765,414,943,2866,2380,0,0,68,94
5930000,0.310094,0.496885,0.545977,5.34921,6.52169,0,0,6592,460,954,2726,2274,0,0,95,83
5940000,0.320798,0.499367,0.544872,5.35465,6.50865,0,0,6474,452,912,2699,2255,0,0,86,70
5950000,0.328491,0.498037,0.467066,5.27313,6.36503,0,0,6279,460,899,2582,2171,0,0,81,86
5960000,0.380032,0.498427,0.488372,5.31354,6.22952,0,0,6213,475,784,2539,2244,0,0,81,90
5970000,0.341159,0.494027,0.491329,5.33821,6.29128,0,0,6286,489,894,2531,2201,0,0,84,87
5980000,0.414796,0.502929,0.493151,5.29851,6.07521,0,0,6462,481,679,2697,2460,0,0,69,76
5990000,0.407668,0.49837,0.5,5.29089,5.92664,0,0,6298,509,715,2548,2362,0,0,80,84
6000000,0.411159,0.498455,0.522013,5.3255,5.91922,0,0,6301,457,695,2605,2384,0,0,83,77
6010000,0.380609,0.497154,0.490683,5.23526,5.98126,0,0,6138,478,746,2497,2258,0,0,76,83
6020000,0.371473,0.499507,0.524138,5.20035,6.07535,0,0,6224,476,795,2562,2250,0,0,73,68
6030000,0.401235,0.499332,0.529762,5.20825,5.94818,0,0,6156,506,700,2487,2294,0,0,88,81
6040000,0.404274,0.498994,0.440252,5.17162,5.89549,0,0,6124,461,710,2517,2276,0,0,69,91
6050000,0.514938,0.497812,0.462585,5.17938,5.7375,0,0,5859,532,486,2310,2383,0,0,68,80
6060000,0.552585,0.516282,0.589552,4.9174,5.75772,0,0,5605,662,529,2161,2117,0,0,82,54
6070000,0.462541,0.49746,0.480916,4.51204,5.69796,0,0,4857,557,638,1793,1736,0,0,64,69
6080000,0.452438,0.52061,0.479592,4.03156,5.73135,0,0,3834,570,674,1374,1116,0,0,49,51
6090000,0.342815,0.496975,0.463918,3.69692,6.06499,0,0,3570,427,896,1299,851,0,0,45,52
6100000,0.339497,0.494466,0.45283,3.97148,6.18456,0,0,3717,498,914,1287,912,0,0,49,57
6110000,0.359851,0.496616,0.550562,4.15036,6.23749,0,0,3638,509,849,1250,937,0,0,51,42
6120000,0.363504,0.494069,0.54,4.1033,6.43306,0,0,3727,533,896,1262,941,0,0,50,45
6130000,0.359589,0.504825,0.45283,4.05115,6.6556,0,0,3734,514,923,1319,870,0,0,49,59
6140000,0.390469,0.49799,0.538462,4.25502,6.69147,0,0,3588,538,852,1197,897,0,0,55,49
6150000,0.369283,0.486813,0.484536,4.12661,6.65682,0,0,3657,545,919,1188,911,0,0,46,48
6160000,0.37117,0.517311,0.53271,3.87931,7.05993,0,0,3571,507,894,1287,775,0,0,55,53
6170000,0.346841,0.500591,0.45283,3.66447,7.17408,0,0,3487,466,977,1226,710,0,0,48,60
6180000,0.251744,0.486838,0.49,3.58295,8.03021,0,0,3707,380,1188,1374,665,0,0,50,50
6190000,0.32293,0.51065,0.5,3.83534,7.63636,0,0,3729,530,1042,1318,728,0,0,54,57
6200000,0.304565,0.493432,0.525773,3.91953,7.80629,0,0,3753,459,1111,1345,740,0,0,51,47
6210000,0.33356,0.498069,0.551724,4.02721,7.52113,0,0,3454,516,972,1164,718,0,0,45,39
6220000,0.333763,0.508552,0.509434,3.73761,8.01439,0,0,3613,542,1045,1245,677,0,0,52,52
6230000,0.25682,0.506884,0.487603,3.60501,8.64499,0,0,3676,407,1140,1398,614,0,0,57,60
6240000,0.257586,0.492915,0.534483,3.68093,8.65321,0,0,3717,394,1193,1382,631,0,0,62,55
6250000,0.283683,0.514628,0.514563,3.80395,8.63174,0,0,3693,442,1063,1406,679,0,0,52,51
6260000,0.281426,0.486678,0.449541,3.81854,8.48653,0,0,3786,472,1143,1318,746,0,0,47,60
6270000,0.273359,0.490534,0.483146,3.51144,8.63296,0,0,3629,468,1173,1270,631,0,0,42,45
6280000,0.272068,0.497746,0.572816,3.52819,8.74767,0,0,3654,440,1206,1327,575,0,0,59,47
6290000,0.293439,0.500684,0.407407,3.82381,8.63301,0,0,3763,491,1168,1337,656,0,0,45,66
6300000,0.279084,0.496586,0.524752,3.78543,8.6937,0,0,3761,451,1175,1366,669,0,0,53,47
6310000,0.277527,0.507601,0.482456,3.80426,8.819,0,0,3663,443,1119,1361,629,0,0,53,58
6320000,0.281989,0.500426,0.580357,3.58967,8.8245,0,0,3641,434,1155,1328,606,0,0,69,49
6330000,0.26616,0.506656,0.393103,3.85318,9.23973,0,0,3821,384,1163,1477,654,0,0,56,87
6340000,0.31741,0.498511,0.507042,4.34195,8.69982,0,0,3831,503,1071,1338,782,0,0,69,68
6350000,0.278441,0.496122,0.45082,4.08847,8.92761,0,0,3730,469,1166,1323,654,0,0,54,64
6360000,0.276515,0.500958,0.531746,4.0858,9.1283,0,0,3788,443,1147,1387,677,0,0,74,60
6370000,0.295092,0.502517,0.472868,3.82091,8.9611,0,0,3702,438,1137,1357,639,0,0,62,69
6380000,0.305764,0.508545,0.509259,3.95042,8.90619,0,0,3731,510,1107,1332,674,0,0,55,53
6390000,0.292637,0.488385,0.508197,4.14023,8.67082,0,0,3694,503,1143,1240,686,0,0,62,60
6400000,0.318405,0.493955,0.512821,4.20396,8.56004,0,0,3589,500,1089,1215,671,0,0,60,54
6410000,0.312891,0.497202,0.415254,4.40222,8.69935,0,0,3692,513,1112,1264,687,0,0,47,69
6420000,0.332101,0.493889,0.449541,4.41849,8.52304,0,0,3711,526,1101,1253,721,0,0,48,62
6430000,0.30303,0.497062,0.584906,3.94501,8.88148,0,0,3510,479,1096,1211,616,0,0,63,45
6440000,0.284587,0.500136,0.488,4.13985,9.34595,0,0,3804,489,1189,1353,650,0,0,62,61
6450000,0.273854,0.496901,0.487805,3.93502,9.3994,0,0,3678,449,1181,1315,607,0,0,63,63
6460000,0.255745,0.501397,0.538462,3.58388,9.58985,0,0,3684,431,1268,1361,516,0,0,57,51
6470000,0.25387,0.503556,0.552381,3.81171,9.76201,0,0,3622,417,1211,1354,537,0,0,59,44
6480000,0.253239,0.502288,0.508772,3.66953,9.80819,0,0,3613,448,1270,1309,472,0,0,58,56
6490000,0.311227,0.505509,0.496063,4.37432,9.20613,0,0,3847,503,1174,1380,662,0,0,61,67
6500000,0.338028,0.507801,0.480315,4.30184,8.94659,0,0,3651,553,1108,1238,624,0,0,61,67
6510000,0.310467,0.493303,0.472222,4.40668,9.07096,0,0,3622,519,1166,1211,613,0,0,55,58
6520000,0.333932,0.501524,0.513761,4.73997,8.8568,0,0,3715,556,1104,1254,694,0,0,55,52
6530000,0.399399,0.50489,0.591667,5.35245,8.26319,0,0,3697,642,990,1165,784,0,0,70,46
6540000,0.344991,0.490046,0.512605,4.82463,8.62259,0,0,3638,584,1112,1140,683,0,0,61,58
6550000,0.333947,0.508697,0.45045,4.82324,8.96708,0,0,3615,571,1085,1213,634,0,0,49,63
6560000,0.399639,0.488216,0.459259,5.47128,8.02886,0,0,3569,659,1006,1021,750,0,0,59,74
6570000,0.460558,0.508969,0.45082,6.01519,7.63222,0,0,3687,772,899,1043,853,0,0,56,64
6580000,0.477954,0.508659,0.494949,6.0261,7.47988,0,0,3678,825,901,999,856,0,0,48,49
6590000,0.362663,0.488454,0.423423,5.02239,8.67129,0,0,3529,609,1075,1061,673,0,0,47,64
6600000,0.402098,0.511017,0.385246,5.58672,8.71756,0,0,3661,692,1026,1118,706,0,0,46,73
6610000,0.384333,0.503009,0.409449,5.55086,8.90464,0,0,3618,648,1028,1107,708,0,0,51,76
6620000,0.33835,0.492622,0.46087,4.74505,9.50714,0,0,3640,597,1184,1139,606,0,0,54,60
6630000,0.330998,0.494282,0.539568,5.0187,9.56766,0,0,3636,559,1162,1169,610,0,0,74,62
6640000,0.323221,0.499717,0.518797,5.14157,9.86498,0,0,3666,567,1153,1200,615,0,0,67,64
6650000,0.337275,0.509106,0.505155,5.06017,9.83212,0,0,3723,618,1171,1225,611,0,0,52,46
6660000,0.319863,0.489632,0.449275,5.23501,9.8753,0,0,3753,554,1197,1217,650,0,0,61,74
6670000,0.334816,0.498799,0.573913,5.37549,9.97253,0,0,3859,607,1175,1261,703,0,0,65,48
6680000,0.384925,0.501269,0.517241,5.82091,9.1537,0,0,3663,678,1074,1102,697,0,0,57,55
6690000,0.300176,0.492472,0.59633,4.70839,10.4297,0,0,3563,504,1209,1196,544,0,0,66,44
6700000,0.297114,0.503948,0.48062,4.95182,10.7122,0,0,3798,513,1229,1341,590,0,0,57,68
6710000,0.270175,0.494651,0.53271,4.47883,10.8257,0,0,3661,462,1243,1295,551,0,0,58,52
6720000,0.323804,0.506326,0.470085,5.15574,10.3967,0,0,3827,573,1171,1309,667,0,0,53,54
6730000,0.368331,0.500943,0.461538,5.72096,9.69225,0,0,3831,650,1110,1210,744,0,0,55,62
6740000,0.338964,0.499721,0.491803,5.30609,10.1743,0,0,3695,595,1172,1190,618,0,0,59,61
6750000,0.375071,0.505668,0.545455,5.61847,9.69023,0,0,3735,681,1093,1147,692,0,0,66,56
6760000,0.351519,0.494816,0.508929,5.37381,9.95164,0,0,3681,616,1162,1151,642,0,0,57,53
6770000,0.353784,0.496522,0.45283,6.11293,10.0853,0,0,3843,637,1120,1217,763,0,0,50,56
6780000,0.389744,0.50296,0.45,5.84452,9.51718,0,0,3666,651,1061,1133,701,0,0,55,65
6790000,0.325595,0.494809,0.486486,4.79109,10.3509,0,0,3480,551,1162,1117,540,0,0,54,56
6800000,0.315968,0.504726,0.512,5.32993,10.9885,0,0,3822,576,1212,1291,621,0,0,61,61
6810000,0.26349,0.496977,0.541667,4.48705,11.3525,0,0,3591,460,1274,1264,473,0,0,66,54
6820000,0.280866,0.49423,0.551724,4.83551,11.4404,0,0,3672,460,1227,1296,568,0,0,67,54
6830000,0.348,0.497479,0.522727,5.87116,10.3584,0,0,3904,640,1145,1239,749,0,0,66,65
6840000,0.345708,0.494413,0.513043,5.9678,10.4391,0,0,3696,581,1139,1190,672,0,0,59,55
6850000,0.372862,0.516471,0.511811,5.38812,10.1006,0,0,3620,658,1105,1146,587,0,0,65,59
6860000,0.311163,0.496196,0.565891,5.39739,10.7994,0,0,3679,562,1182,1201,605,0,0,73,56
6870000,0.376919,0.514921,0.450704,5.73937,10.27,0,0,3833,635,1102,1266,689,0,0,64,77
6880000,0.301972,0.481066,0.532258,5.28672,10.7317,0,0,3683,537,1255,1177,593,0,0,64,57
6890000,0.361419,0.50221,0.526316,5.7681,10.144,0,0,3756,638,1150,1179,652,0,0,73,64
6900000,0.399435,0.499861,0.473684,6.36752,9.64537,0,0,3725,729,1054,1068,744,0,0,63,67
6910000,0.376147,0.491468,0.560976,6.09896,9.82545,0,0,3638,634,1095,1095,694,0,0,67,53
6920000,0.389977,0.496037,0.5,6.76223,9.86297,0,0,3802,687,1054,1127,790,0,0,73,71
6930000,0.403585,0.488973,0.4375,6.76697,9.37191,0,0,3845,732,1098,1086,803,0,0,56,70
6940000,0.404695,0.5,0.556604,6.35245,9.41481,0,0,3592,717,1064,1025,683,0,0,58,45
6950000,0.435798,0.494944,0.507812,7.09081,8.91082,0,0,3689,784,1037,978,759,0,0,65,66
6960000,0.40163,0.502957,0.495413,6.36824,9.56567,0,0,3495,704,1047,997,634,0,0,54,59
6970000,0.45409,0.495058,0.53125,7.57252,8.65415,0,0,3675,823,987,931,803,0,0,72,59
6980000,0.455767,0.485866,0.471698,7.41576,8.5644,0,0,3680,804,984,932,852,0,0,51,57
6990000,0.522124,0.497736,0.431034,8.39759,7.71002,0,0,3652,941,863,816,913,0,0,53,66
7000000,0.491676,0.499859,0.482759,7.79803,8.03421,0,0,3654,893,906,875,865,0,0,56,59
7010000,0.441847,0.508711,0.504854,7.01099,9.03974,0,0,3548,779,972,974,721,0,0,51,51
7020000,0.469853,0.506403,0.515873,7.71927,8.79726,0,0,3872,867,973,1034,874,0,0,62,62
7030000,0.48337,0.508546,0.504274,7.62873,8.50598,0,0,3682,863,943,952,812,0,0,56,56
7040000,0.459538,0.507578,0.421875,7.56603,8.73366,0,0,3627,806,952,971,773,0,0,52,73
7050000,0.487423,0.51048,0.464789,8.02945,8.71159,0,0,3769,865,898,987,877,0,0,65,77
7060000,0.457206,0.490283,0.45,7.65732,8.85096,0,0,3744,834,985,932,853,0,0,63,77
7070000,0.50987,0.488514,0.526316,8.88014,8.09023,0,0,3746,892,851,876,992,0,0,69,66
7080000,0.557088,0.492207,0.609023,9.64889,7.42635,0,0,3788,1001,782,798,1073,0,0,82,52
7090000,0.53288,0.500703,0.476923,8.93055,7.71107,0,0,3686,944,835,837,941,0,0,61,68
7100000,0.501322,0.51947,0.532847,7.97524,8.54157,0,0,3837,941,952,982,825,0,0,72,65
7110000,0.48503,0.489958,0.548387,8.93246,8.71348,0,0,3909,904,951,952,979,0,0,67,56
7120000,0.482852,0.503528,0.412587,8.7262,8.89244,0,0,3970,871,956,1056,942,0,0,58,87
7130000,0.585815,0.500411,0.537879,10.1573,7.07959,0,0,3782,1072,742,755,1081,0,0,72,60
7140000,0.512429,0.488643,0.485507,9.13248,8.10256,0,0,3744,894,856,870,990,0,0,65,69
7150000,0.601251,0.493018,0.484848,10.3471,6.95665,0,0,3645,1046,733,680,1048,0,0,69,69
7160000,0.643129,0.487693,0.550459,11.0273,6.27184,0,0,3811,1180,658,623,1235,0,0,63,52
7170000,0.729847,0.506176,0.507812,12.5087,5.03089,0,0,3690,1330,493,473,1265,0,0,64,65
7180000,0.745791,0.501377,0.569231,12.979,4.94719,0,0,3768,1327,452,495,1358,0,0,74,62
7190000,0.760479,0.497975,0.556391,13.0824,4.56085,0,0,3837,1388,439,455,1422,0,0,76,57
7200000,0.741158,0.502517,0.441379,12.7911,5.06276,0,0,3920,1374,487,523,1392,0,0,63,81
7210000,0.778023,0.495779,0.434783,13.5726,3.88041,0,0,3671,1403,415,360,1379,0,0,49,65
7220000,0.818681,0.506999,0.503497,14.4003,3.86487,0,0,3715,1483,292,330,1470,0,0,70,70
7230000,0.74,0.513609,0.513699,12.9403,5.47918,0,0,3819,1290,449,598,1338,0,0,75,69
7240000,0.66574,0.497041,0.449275,11.9567,6.45945,0,0,3859,1213,602,634,1269,0,0,64,77
7250000,0.638919,0.492675,0.483051,11.3931,6.10313,0,0,3801,1178,683,640,1185,0,0,54,61
7260000,0.677614,0.510033,0.435484,11.7372,5.60882,0,0,3717,1259,588,575,1169,0,0,54,72
7270000,0.647501,0.492973,0.553333,11.7,6.10104,0,0,3850,1211,625,616,1252,0,0,81,65
7280000,0.691176,0.491038,0.471074,12.0635,4.95546,0,0,3637,1271,561,456,1227,0,0,57,65
7290000,0.702933,0.507726,0.556452,12.5673,5.21082,0,0,3809,1319,516,552,1301,0,0,68,53
7300000,0.72808,0.490756,0.483333,12.8538,4.83246,0,0,3796,1324,496,482,1378,0,0,58,58
7310000,0.708926,0.486179,0.531746,12.7393,5.57113,0,0,3817,1253,490,542,1405,0,0,67,60
7320000,0.667612,0.489989,0.486486,12.0019,5.83823,0,0,3746,1182,581,580,1256,0,0,74,73
7330000,0.627958,0.493052,0.485714,11.3336,6.46431,0,0,3741,1151,680,623,1145,0,0,69,73
7340000,0.578261,0.506354,0.523179,10.1223,7.42803,0,0,3696,1038,763,756,985,0,0,82,72
7350000,0.588816,0.500972,0.529851,10.4735,7.51259,0,0,3732,1062,757,741,1036,0,0,73,63
7360000,0.681768,0.507846,0.569343,11.9967,5.87569,0,0,3644,1245,566,535,1160,0,0,79,59
7370000,0.634688,0.493227,0.4375,11.441,6.71831,0,0,3873,1177,671,680,1234,0,0,49,62
7380000,0.598105,0.502996,0.554795,10.7334,7.61251,0,0,3822,1073,696,774,1129,0,0,83,67
7390000,0.566648,0.497201,0.537879,10.371,8.06565,0,0,3884,1036,809,831,1079,0,0,70,59
7400000,0.54101,0.50384,0.518519,9.62867,8.40148,0,0,3781,999,856,840,954,0,0,69,63
7410000,0.559331,0.516282,0.562044,9.8206,8.32502,0,0,3729,1029,826,823,912,0,0,77,62
7420000,0.520241,0.501232,0.503817,9.16883,8.74782,0,0,3779,948,897,882,925,0,0,63,64
7430000,0.544141,0.51205,0.547009,9.42996,8.57004,0,0,3805,1013,847,878,952,0,0,60,55
7440000,0.563388,0.500557,0.533333,10.2085,7.98578,0,0,3727,1016,799,783,993,0,0,72,64
7450000,0.585366,0.508851,0.503937,10.3387,7.61465,0,0,3685,1051,774,758,976,0,0,63,63
7460000,0.629691,0.49513,0.486726,11.4589,6.90869,0,0,3811,1165,690,664,1176,0,0,57,59
7470000,0.726374,0.499863,0.468531,13.1419,5.26612,0,0,3799,1326,521,502,1307,0,0,67,76
7480000,0.685466,0.505322,0.460317,12.2978,6.24878,0,0,3879,1258,594,642,1261,0,0,57,67
7490000,0.714286,0.500977,0.478571,12.7905,5.3235,0,0,3728,1309,536,486,1253,0,0,68,76
7500000,0.659141,0.504631,0.535433,12.0989,6.47941,0,0,3692,1174,617,623,1144,0,0,72,62
7510000,0.686059,0.516935,0.528,12.132,5.9645,0,0,3606,1251,568,548,1116,0,0,66,57
7520000,0.649028,0.500809,0.537879,11.8642,6.78544,0,0,3845,1217,643,642,1214,0,0,70,59
7530000,0.636615,0.494076,0.428571,11.8171,7.36009,0,0,3849,1149,668,682,1210,0,0,61,79
7540000,0.647771,0.507203,0.545455,11.9103,7.08817,0,0,3811,1169,631,696,1178,0,0,74,63
7550000,0.645705,0.508634,0.539568,12.049,7.38349,0,0,3961,1149,631,796,1247,0,0,73,65
7560000,0.688815,0.508141,0.537815,12.5644,5.92395,0,0,3682,1239,567,572,1185,0,0,64,55
7570000,0.676307,0.504199,0.490196,12.4744,6.33235,0,0,3725,1212,580,589,1194,0,0,75,75
7580000,0.686361,0.513373,0.52381,12.5997,6.46121,0,0,3790,1232,584,650,1196,0,0,68,60
7590000,0.651541,0.490816,0.554217,12.6981,6.68879,0,0,3872,1177,623,643,1266,0,0,91,72
7600000,0.636511,0.495592,0.448529,12.1854,6.91272,0,0,3884,1179,682,677,1207,0,0,63,76
7610000,0.657968,0.50098,0.519084,12.4966,6.6374,0,0,3701,1180,627,610,1154,0,0,67,63
7620000,0.654716,0.497749,0.535948,12.4345,6.47421,0,0,3703,1202,624,566,1161,0,0,79,71
7630000,0.644693,0.495511,0.574627,12.2587,6.57197,0,0,3696,1148,654,617,1142,0,0,77,58
7640000,0.678591,0.48994,0.503937,13.4203,6.60203,0,0,3950,1220,604,654,1346,0,0,62,64
7650000,0.701299,0.505067,0.580882,13.2876,5.92213,0,0,3891,1292,582,602,1277,0,0,82,56
7660000,0.699488,0.500552,0.503145,13.3721,6.13161,0,0,3784,1231,538,583,1272,0,0,82,78
7670000,0.708959,0.491427,0.5,14.0509,5.71737,0,0,3754,1286,490,491,1348,0,0,71,68
7680000,0.765761,0.496689,0.455172,14.9756,4.5992,0,0,3770,1408,411,393,1410,0,0,64,84
7690000,0.857871,0.491404,0.474453,16.7433,2.65812,0,0,3627,1506,270,207,1508,0,0,66,70
7700000,0.924415,0.510452,0.590909,17.9929,1.78998,0,0,3671,1700,166,108,1569,0,0,76,52
7710000,0.931159,0.499349,0.513889,18.3283,2.21369,0,0,3987,1805,101,115,1822,0,0,73,71
7720000,0.935313,0.507212,0.488372,18.1806,2.11791,0,0,3876,1768,109,133,1738,0,0,63,65
7730000,0.948066,0.499865,0.463235,18.1398,2.26823,0,0,3840,1723,118,127,1736,0,0,63,73
7740000,0.936559,0.502836,0.590164,18.3182,1.93396,0,0,3831,1735,123,127,1720,0,0,76,50
7750000,0.948454,0.501361,0.568345,18.6137,1.72436,0,0,3813,1728,102,113,1728,0,0,81,61
7760000,0.944655,0.494069,0.47482,18.6521,0.78397,0,0,3768,1731,97,61,1739,0,0,69,71
7770000,0.941842,0.490474,0.576642,18.6352,0.665966,0,0,3805,1733,112,69,1759,0,0,74,58
7780000,0.950314,0.508607,0.561644,18.5203,0.822844,0,0,3861,1817,77,74,1748,0,0,82,63
7790000,0.952381,0.501607,0.434483,18.532,1.03146,0,0,3878,1797,101,77,1761,0,0,61,81
7800000,0.954982,0.507176,0.503067,18.6264,1.15981,0,0,4061,1884,87,94,1834,0,0,82,80
7810000,0.944238,0.502395,0.483444,18.7135,1.04012,0,0,3913,1772,81,119,1791,0,0,73,77
7820000,0.957413,0.503277,0.525641,18.5972,0.983879,0,0,3970,1839,98,81,1796,0,0,82,74
7830000,0.951706,0.501422,0.556962,18.6979,1.20625,0,0,4029,1826,91,115,1838,0,0,86,73
7840000,0.940081,0.486132,0.459459,18.8851,1.31065,0,0,4188,1836,92,128,1982,0,0,68,82
7850000,0.956565,0.499638,0.52795,18.9142,1.39263,0,0,4312,1926,93,146,1983,0,0,87,77
7860000,0.958163,0.509944,0.538922,19.0426,1.42773,0,0,4089,1873,82,128,1841,0,0,88,77
7870000,0.957719,0.522155,0.518293,18.9678,1.59037,0,0,4133,1944,109,132,1789,0,0,82,77
7880000,0.948302,0.511628,0.48125,18.97,1.64016,0,0,4163,1883,89,167,1865,0,0,76,83
7890000,0.942421,0.50628,0.423313,18.9246,1.77344,0,0,4299,1885,111,207,1930,0,0,70,96
7900000,0.952381,0.509354,0.486188,18.8533,1.8974,0,0,4191,1860,75,182,1893,0,0,89,92
7910000,0.941624,0.497639,0.5,18.9315,2.00769,0,0,4424,1862,90,247,2041,0,0,93,91
7920000,0.935824,0.514142,0.567568,18.8176,2.11386,0,0,4321,1916,110,231,1913,0,0,84,67
7930000,0.946654,0.498525,0.529762,18.533,2.2205,0,0,4576,1957,102,241,2106,0,0,91,79
7940000,0.94254,0.506367,0.519481,18.5523,2.25257,0,0,4474,1943,103,244,2029,0,0,82,73
7950000,0.946322,0.495504,0.46988,18.5093,2.39244,0,0,4500,1889,109,258,2078,0,0,79,87
7960000,0.945239,0.503414,0.493902,18.3637,2.45166,0,0,4561,1933,111,279,2071,0,0,82,85
7970000,0.944878,0.501131,0.508475,18.24,2.46149,0,0,4596,1936,104,278,2100,0,0,91,87
7980000,0.947085,0.49786,0.536313,18.1413,2.52121,0,0,4620,1940,154,272,2077,0,0,94,83
7990000,0.944757,0.498497,0.467391,17.9927,2.59894,0,0,4508,1861,111,296,2057,0,0,87,96
8000000,0.939614,0.497669,0.474684,18.0701,2.65287,0,0,4664,1933,111,306,2151,0,0,79,84
8010000,0.94995,0.499774,0.453488,17.9492,2.73252,0,0,4591,1907,135,302,2074,0,0,79,94
8020000,0.945673,0.50417,0.530488,17.9593,2.75095,0,0,4718,1971,93,323,2165,0,0,90,76
8030000,0.944282,0.508613,0.508197,17.9772,2.68166,0,0,4602,1948,138,299,2033,0,0,98,86
8040000,0.934847,0.503736,0.531792,18.0118,2.72624,0,0,4588,1906,123,319,2069,0,0,92,79
8050000,0.933082,0.500642,0.502924,17.7201,2.8221,0,0,4851,1961,142,382,2193,0,0,86,87
8060000,0.935788,0.508868,0.484848,17.5849,2.84077,0,0,4729,1970,133,355,2106,0,0,81,84
8070000,0.941484,0.503201,0.5,17.4514,2.9282,0,0,4847,1983,141,377,2187,0,0,80,79
8080000,0.929927,0.486634,0.529101,17.3814,2.98422,0,0,4942,1895,109,416,2331,0,0,101,90
8090000,0.946026,0.502957,0.557576,17.4133,3.07598,0,0,4725,1942,135,353,2131,0,0,90,74
8100000,0.933429,0.5,0.5,17.4074,3.06883,0,0,4838,1933,117,400,2216,0,0,85,87
8110000,0.93242,0.510333,0.47561,17.2296,3.16908,0,0,4909,2025,133,400,2189,0,0,75,87
8120000,0.947525,0.505179,0.543011,17.0811,3.14164,0,0,4822,1937,138,406,2158,0,0,100,83
8130000,0.940951,0.492702,0.50838,17.0686,3.26368,0,0,4972,1973,142,391,2291,0,0,87,88
8140000,0.948682,0.523067,0.477941,17.0373,3.31478,0,0,4689,2015,152,367,2021,0,0,65,69
8150000,0.93714,0.500209,0.573171,16.9435,3.49899,0,0,4960,1955,148,448,2248,0,0,91,70
8160000,0.926852,0.509095,0.508671,16.8992,3.55596,0,0,4950,1931,160,501,2188,0,0,86,84
8170000,0.931731,0.491446,0.524324,16.7304,3.53911,0,0,5101,1910,120,502,2375,0,0,102,92
8180000,0.931199,0.511203,0.511494,16.6127,3.57626,0,0,4996,1948,145,518,2208,0,0,89,88
8190000,0.919485,0.498392,0.48503,16.4373,3.72079,0,0,5143,1922,143,558,2350,0,0,81,89
8200000,0.926261,0.496214,0.488636,16.1859,3.77583,0,0,5197,1930,130,561,2392,0,0,87,97
8210000,0.920345,0.504639,0.479769,16.1028,3.81643,0,0,5126,1911,140,586,2319,0,0,83,87
8220000,0.932854,0.50729,0.575419,16.171,3.85223,0,0,5116,1949,157,556,2278,0,0,102,74
8230000,0.932665,0.504177,0.585,16.0698,3.99809,0,0,5228,1978,140,558,2355,0,0,117,80
8240000,0.915366,0.494771,0.529101,16.0907,4.06383,0,0,5358,1907,149,647,2463,0,0,105,87
8250000,0.925486,0.500786,0.483696,15.9922,4.09814,0,0,5278,1933,136,617,2407,0,0,90,95
8260000,0.941348,0.51142,0.52356,15.9736,4.20509,0,0,5227,1970,139,604,2321,0,0,100,93
8270000,0.93938,0.49762,0.519481,15.9302,4.18394,0,0,5404,2038,194,575,2445,0,0,80,72
8280000,0.926181,0.493763,0.575758,15.8538,4.13597,0,0,5376,1909,172,665,2467,0,0,92,71
8290000,0.925012,0.502387,0.542553,15.7274,4.15739,0,0,5426,1988,145,642,2460,0,0,103,88
8300000,0.928675,0.502999,0.540107,15.6901,4.18362,0,0,5359,1954,154,646,2418,0,0,102,85
8310000,0.922856,0.495644,0.473958,15.545,4.14361,0,0,5473,1944,176,675,2486,0,0,90,102
8320000,0.912736,0.499121,0.5125,15.6076,4.18011,0,0,5280,1893,135,663,2427,0,0,81,81
8330000,0.915844,0.500956,0.5,15.5603,4.24433,0,0,5419,1933,149,689,2463,0,0,90,95
8340000,0.918931,0.511056,0.456647,15.5159,4.23284,0,0,5420,1997,141,683,2425,0,0,81,93
8350000,0.921348,0.49608,0.478261,15.3369,4.19294,0,0,5411,1879,167,712,2473,0,0,86,94
8360000,0.924705,0.496238,0.459459,15.2697,4.23821,0,0,5365,1881,190,691,2421,0,0,82,100
8370000,0.923186,0.511596,0.578947,15.1676,4.28759,0,0,5261,1955,156,646,2329,0,0,101,74
8380000,0.919315,0.502164,0.505495,15.0518,4.3139,0,0,5266,1893,161,659,2368,0,0,95,90
8390000,0.917594,0.491228,0.515957,14.9068,4.34293,0,0,5313,1815,154,708,2452,0,0,93,91
8400000,0.924148,0.499057,0.491979,14.8316,4.43092,0,0,5486,1946,202,702,2449,0,0,90,97
8410000,0.914091,0.503488,0.524064,14.7728,4.42573,0,0,5635,2007,168,738,2533,0,0,100,89
8420000,0.918407,0.494594,0.488636,14.6974,4.46561,0,0,5539,1876,162,778,2548,0,0,86,89
8430000,0.922889,0.509872,0.472222,14.6887,4.59088,0,0,5397,1909,170,752,2386,0,0,85,95
8440000,0.907715,0.499529,0.49162,14.59,4.65241,0,0,5495,1863,170,792,2489,0,0,88,93
8450000,0.908183,0.504917,0.570755,14.5145,4.71293,0,0,5598,1880,158,840,2506,0,0,121,93
8460000,0.908566,0.500548,0.542453,14.3527,4.73495,0,0,5682,1874,182,867,2553,0,0,111,95
8470000,0.923664,0.504717,0.513661,14.3945,4.74187,0,0,5691,1944,187,836,2539,0,0,95,90
8480000,0.919738,0.492981,0.535,14.368,4.78493,0,0,5682,1842,209,862,2573,0,0,103,93
8490000,0.917585,0.500449,0.5,14.1543,4.79626,0,0,5782,1931,175,858,2609,0,0,104,105
8500000,0.906564,0.503289,0.512195,13.8943,4.85473,0,0,5679,1869,190,888,2529,0,0,105,98
8510000,0.890261,0.501991,0.41989,13.5851,4.87344,0,0,5705,1836,187,935,2564,0,0,80,103
8520000,0.897568,0.515872,0.497041,13.2674,4.84953,0,0,5689,1900,161,946,2508,0,0,87,87
8530000,0.894863,0.504567,0.47191,12.9882,4.91299,0,0,5758,1847,187,972,2579,0,0,81,92
8540000,0.898056,0.50562,0.528796,12.7463,4.97137,0,0,5972,1897,191,1029,2670,0,0,96,89
8550000,0.884986,0.495043,0.507389,12.6325,4.88262,0,0,6057,1841,234,1055,2727,0,0,105,95
8560000,0.888945,0.495392,0.537688,12.3648,4.91636,0,0,5954,1777,231,1074,2669,0,0,107,96
8570000,0.890165,0.497528,0.538462,12.1206,4.97188,0,0,6046,1807,243,1111,2705,0,0,97,83
8580000,0.871175,0.496608,0.509901,12.0059,5.06612,0,0,6095,1728,246,1198,2726,0,0,101,96
8590000,0.8807,0.495007,0.455621,11.6544,5.15883,0,0,5975,1677,248,1198,2683,0,0,76,93
8600000,0.887353,0.503819,0.5,11.5435,5.23456,0,0,6088,1740,252,1232,2674,0,0,97,93
8610000,0.871002,0.495773,0.492308,11.3412,5.28635,0,0,6108,1652,254,1284,2727,0,0,93,98
8620000,0.873887,0.514457,0.519337,11.2655,5.33038,0,0,6199,1768,223,1329,2698,0,0,96,85
8630000,0.870738,0.494844,0.463918,11.2215,5.26422,0,0,6207,1709,285,1266,2754,0,0,89,104
8640000,0.859244,0.495904,0.527919,11.0595,5.37823,0,0,6303,1654,259,1376,2824,0,0,101,89
8650000,0.876549,0.511828,0.439153,11.0706,5.4264,0,0,6236,1780,253,1313,2703,0,0,82,105
8660000,0.865405,0.503217,0.518072,10.9904,5.28979,0,0,6070,1662,246,1306,2688,0,0,86,82
8670000,0.858201,0.487732,0.549738,10.9157,5.30803,0,0,6230,1621,282,1321,2808,0,0,110,88
8680000,0.875949,0.507964,0.594872,10.7532,5.32113,0,0,6038,1748,253,1217,2623,0,0,118,79
8690000,0.850676,0.49531,0.49162,10.6972,5.36114,0,0,6258,1643,254,1364,2815,0,0,89,93
8700000,0.85174,0.499839,0.560284,10.522,5.43426,0,0,6358,1647,301,1461,2809,0,0,80,60
8710000,0.836681,0.49756,0.557292,10.4239,5.42451,0,0,6339,1560,256,1499,2832,0,0,108,84
8720000,0.83191,0.490569,0.548913,10.1936,5.469,0,0,6435,1500,292,1569,2895,0,0,98,81
8730000,0.858365,0.5,0.51087,10.0086,5.52827,0,0,6491,1594,322,1564,2833,0,0,91,87
8740000,0.866307,0.515928,0.417526,9.93664,5.54139,0,0,6282,1641,275,1499,2675,0,0,80,112
8750000,0.852804,0.498621,0.492462,9.89928,5.60104,0,0,6364,1512,311,1567,2782,0,0,94,98
8760000,0.826548,0.492308,0.492891,9.77695,5.64154,0,0,6846,1513,312,1756,3053,0,0,101,111
8770000,0.822571,0.492663,0.5,9.73715,5.58593,0,0,6441,1404,322,1686,2859,0,0,82,88
8780000,0.835738,0.499921,0.496815,9.60988,5.55971,0,0,6498,1521,313,1648,2857,0,0,77,82
8790000,0.830878,0.497028,0.5,9.41096,5.66804,0,0,6570,1438,314,1740,2902,0,0,85,91
8800000,0.822414,0.500943,0.488889,9.21711,5.59379,0,0,6536,1456,306,1724,2865,0,0,91,94
8810000,0.806954,0.50284,0.5,8.99158,5.69957,0,0,6534,1345,305,1847,2849,0,0,94,94
8820000,0.78479,0.512024,0.592593,8.62093,5.79618,0,0,6756,1392,336,1970,2868,0,0,112,78
8830000,0.787037,0.502314,0.473684,8.37895,5.76031,0,0,6671,1286,361,1968,2863,0,0,89,104
8840000,0.772115,0.50533,0.502857,8.30744,5.79191,0,0,6925,1306,373,2105,2966,0,0,87,88
8850000,0.767578,0.50365,0.502703,8.17983,5.76476,0,0,6623,1161,346,2083,2850,0,0,91,92
8860000,0.768434,0.506087,0.451977,7.92841,5.70494,0,0,6663,1221,377,2064,2826,0,0,80,95
8870000,0.761111,0.506098,0.475676,7.8746,5.79751,0,0,6914,1256,409,2147,2915,0,0,89,98
8880000,0.725464,0.499087,0.493976,7.64752,5.72989,0,0,6738,1063,356,2219,2931,0,0,82,87
8890000,0.735194,0.50311,0.439153,7.4555,5.7355,0,0,6775,1085,426,2229,2843,0,0,83,109
8900000,0.731723,0.509196,0.420765,7.2988,5.63971,0,0,6603,1121,372,2153,2780,0,0,73,104
8910000,0.734186,0.498858,0.441558,7.29784,5.49531,0,0,6715,1111,402,2166,2886,0,0,65,85
8920000,0.741697,0.505063,0.566879,7.24849,5.4378,0,0,6471,1188,445,2003,2681,0,0,86,68
8930000,0.748299,0.504883,0.510989,7.35349,5.39666,0,0,6532,1161,436,2047,2712,0,0,91,85
8940000,0.739832,0.498404,0.511628,7.42965,5.46653,0,0,6752,1157,393,2122,2908,0,0,87,85
8950000,0.75049,0.498987,0.51087,7.41779,5.42567,0,0,6599,1171,394,2028,2824,0,0,92,90
8960000,0.727648,0.490985,0.502825,7.35618,5.44136,0,0,6668,1085,397,2104,2910,0,0,87,85
8970000,0.709541,0.493797,0.536313,7.30154,5.51453,0,0,6709,1025,422,2205,2882,0,0,92,83
8980000,0.744565,0.501192,0.511364,7.22957,5.46037,0,0,6473,1133,411,2023,2725,0,0,92,89
8990000,0.733793,0.501085,0.464088,7.14299,5.55023,0,0,6630,1114,431,2117,2787,0,0,84,97
9000000,0.750638,0.509162,0.494318,7.10018,5.43138,0,0,6558,1211,429,2039,2709,0,0,84,86
9010000,0.751634,0.510758,0.568306,6.96178,5.39906,0,0,6410,1172,367,2011,2679,0,0,103,78
9020000,0.7249,0.506327,0.403974,6.9256,5.44405,0,0,6398,1073,405,2086,2674,0,0,66,94
9030000,0.712579,0.494255,0.569767,6.83172,5.33579,0,0,6525,1020,438,2120,2776,0,0,97,74
9040000,0.698436,0.497454,0.481481,6.65007,5.35288,0,0,6447,979,432,2148,2723,0,0,82,83
9050000,0.683666,0.492674,0.51087,6.63097,5.3187,0,0,6536,935,404,2193,2817,0,0,99,88
9060000,0.6875,0.502095,0.540881,6.59195,5.34156,0,0,6362,948,433,2165,2657,0,0,86,73
9070000,0.653569,0.492481,0.530055,6.49556,5.37345,0,0,6306,806,417,2207,2689,0,0,98,89
9080000,0.657993,0.503896,0.537143,6.43644,5.4935,0,0,6466,894,455,2277,2664,0,0,94,82
9090000,0.621726,0.485798,0.503356,6.51147,5.43073,0,0,6626,777,468,2366,2861,0,0,78,76
9100000,0.632091,0.485807,0.494737,6.47482,5.3702,0,0,6672,805,448,2343,2885,0,0,96,95
9110000,0.708984,0.507501,0.54023,6.60857,5.28695,0,0,6374,1049,435,2095,2618,0,0,96,81
9120000,0.70226,0.499598,0.490909,6.56514,5.34316,0,0,6379,956,416,2149,2695,0,0,80,83
9130000,0.671091,0.499027,0.467836,6.49724,5.36272,0,0,6341,887,467,2189,2625,0,0,81,92
9140000,0.694505,0.505156,0.544304,6.48178,5.35521,0,0,6368,979,398,2158,2675,0,0,84,74
9150000,0.687835,0.505916,0.530864,6.42369,5.38441,0,0,6493,918,441,2288,2691,0,0,83,72
9160000,0.601933,0.492702,0.536913,6.35672,5.44617,0,0,6585,703,419,2468,2845,0,0,81,69
9170000,0.653816,0.498612,0.48,6.28098,5.41061,0,0,6634,853,486,2380,2765,0,0,70,80
9180000,0.593672,0.501704,0.457516,6.08892,5.44775,0,0,6613,708,486,2528,2735,0,0,73,83
9190000,0.599656,0.506719,0.525714,5.99711,5.47858,0,0,6582,700,461,2539,2694,0,0,97,91
9200000,0.595414,0.505234,0.52071,5.91728,5.46313,0,0,6564,729,480,2504,2689,0,0,84,78
9210000,0.591747,0.498524,0.484043,5.93462,5.41809,0,0,6623,690,533,2517,2694,0,0,91,98
9220000,0.578388,0.492376,0.526882,5.97486,5.38871,0,0,6483,700,494,2400,2699,0,0,96,94
9230000,0.580087,0.491853,0.388571,5.99815,5.38306,0,0,6495,704,511,2407,2701,0,0,68,104
9240000,0.635945,0.509251,0.444444,5.93833,5.35659,0,0,6551,850,436,2396,2700,0,0,76,93
9250000,0.596834,0.499676,0.432099,5.70751,5.31615,0,0,6342,689,488,2398,2607,0,0,69,91
9260000,0.576257,0.500658,0.503106,5.63596,5.30941,0,0,6241,643,468,2401,2566,0,0,81,82
9270000,0.550877,0.494481,0.421053,5.61795,5.30131,0,0,6329,592,489,2449,2629,0,0,75,95
9280000,0.544081,0.501863,0.503185,5.56971,5.32781,0,0,6333,597,466,2502,2611,0,0,77,80
9290000,0.588889,0.501487,0.531073,5.61088,5.24246,0,0,6232,700,457,2336,2558,0,0,96,85
9300000,0.571674,0.495991,0.494118,5.50226,5.29561,0,0,6407,656,490,2437,2654,0,0,84,86
9310000,0.626577,0.502641,0.529032,5.52789,5.22958,0,0,6024,802,470,2147,2450,0,0,81,74
9320000,0.61973,0.508873,0.564103,5.44589,5.29211,0,0,6080,805,468,2205,2439,0,0,93,70
9330000,0.627889,0.508442,0.5,5.48521,5.35294,0,0,5814,792,478,2100,2314,0,0,65,65
9340000,0.52962,0.512382,0.484663,5.25506,5.47327,0,0,5779,592,512,2283,2228,0,0,79,85
9350000,0.502128,0.498761,0.53,4.84368,5.03016,0,0,4542,610,604,1605,1623,0,0,53,47
9360000,0.466135,0.480221,0.425287,4.62894,4.89589,0,0,3525,572,673,1077,1115,0,0,38,50
9370000,0.464906,0.480077,0.494253,4.5331,4.82636,0,0,3202,592,691,901,929,0,0,45,44
9380000,0.51168,0.496668,0.534653,5.03541,4.78941,0,0,3248,690,650,874,936,0,0,52,46
9390000,0.496806,0.488573,0.385542,5.36839,4.73858,0,0,3328,701,682,882,974,0,0,36,53
9400000,0.542652,0.492804,0.43662,5.85124,4.47352,0,0,3267,765,642,809,980,0,0,30,41
9410000,0.591405,0.499225,0.526882,6.43038,4.31857,0,0,3318,852,585,759,1029,0,0,48,45
9420000,0.637333,0.502692,0.561905,6.87703,4.04753,0,0,3261,942,524,643,1045,0,0,61,46
9430000,0.654746,0.514555,0.537815,7.25919,4.29622,0,0,3727,1015,561,844,1190,0,0,61,56
9440000,0.643671,0.505809,0.471154,7.356,4.13739,0,0,3632,1050,565,735,1183,0,0,48,51
9450000,0.701077,0.516924,0.527473,7.57015,3.90512,0,0,3457,1102,490,635,1137,0,0,51,42
9460000,0.623197,0.482653,0.494949,7.36778,4.29088,0,0,3706,1004,604,736,1260,0,0,50,52
9470000,0.674522,0.505051,0.484211,7.79104,3.93584,0,0,3460,1043,516,657,1150,0,0,46,48
9480000,0.718987,0.506511,0.471074,8.22547,3.99839,0,0,3730,1131,457,701,1324,0,0,54,63
9490000,0.679141,0.515028,0.452632,7.99947,4.31846,0,0,3787,1119,544,783,1251,0,0,41,49
9500000,0.665593,0.49422,0.494845,7.98172,4.05738,0,0,3555,1038,528,672,1224,0,0,47,46
9510000,0.695428,0.496179,0.585859,8.28864,3.60783,0,0,3371,1076,465,548,1181,0,0,58,43
9520000,0.67198,0.500678,0.574803,8.24646,4.43766,0,0,3818,1107,532,740,1311,0,0,74,54
9530000,0.628731,0.491593,0.513043,8.00717,4.53846,0,0,3627,1009,583,716,1202,0,0,61,56
9540000,0.663903,0.504369,0.333333,8.25059,4.30487,0,0,3408,1047,531,629,1113,0,0,31,57
9550000,0.657108,0.501296,0.478261,8.27609,4.26178,0,0,3564,1067,561,673,1173,0,0,44,46
9560000,0.693325,0.511977,0.530612,8.80517,4.41269,0,0,3562,1116,523,660,1166,0,0,51,46
9570000,0.648082,0.500558,0.533981,8.52575,4.47209,0,0,3690,1079,576,716,1213,0,0,55,51
9580000,0.70329,0.504177,0.590476,9.03919,3.98012,0,0,3572,1136,473,616,1242,0,0,61,44
9590000,0.738885,0.493649,0.517857,9.6758,3.66406,0,0,3575,1175,416,532,1339,0,0,58,55
9600000,0.699339,0.496143,0.556604,9.46684,4.08128,0,0,3740,1160,499,642,1331,0,0,58,50
9610000,0.692115,0.486157,0.566372,9.46722,4.09807,0,0,3722,1107,490,648,1365,0,0,64,48
9620000,0.710923,0.497799,0.485437,9.616,4.15681,0,0,3737,1168,488,637,1339,0,0,53,52
9630000,0.715476,0.49326,0.54955,9.65964,4.03817,0,0,3746,1214,479,577,1364,0,0,61,51
9640000,0.684879,0.496778,0.491667,9.26119,4.20453,0,0,3530,1071,501,620,1217,0,0,60,61
9650000,0.690303,0.493592,0.5,9.43753,4.06164,0,0,3618,1141,516,590,1262,0,0,54,55
9660000,0.731209,0.509765,0.478261,9.94801,3.93161,0,0,3597,1226,441,549,1269,0,0,55,57
9670000,0.743316,0.50139,0.568966,10.3457,3.91485,0,0,3711,1272,415,533,1377,0,0,63,51
9680000,0.710764,0.503446,0.461538,9.88525,4.15393,0,0,3599,1192,503,561,1228,0,0,52,63
9690000,0.711549,0.501378,0.52381,10.1983,3.89788,0,0,3731,1251,487,568,1319,0,0,55,51
9700000,0.74359,0.509736,0.571429,10.3264,4.07734,0,0,3866,1299,455,610,1384,0,0,70,48
9710000,0.76196,0.519716,0.495935,10.6274,3.81163,0,0,3647,1310,395,521,1299,0,0,60,62
9720000,0.760907,0.502933,0.555556,10.8514,3.88817,0,0,3890,1331,433,558,1432,0,0,77,59
9730000,0.690598,0.500271,0.415254,10.062,4.22473,0,0,3809,1209,524,639,1323,0,0,48,66
9740000,0.718054,0.510028,0.422414,10.3333,4.4349,0,0,3702,1219,490,611,1269,0,0,48,65
9750000,0.694541,0.4973,0.491803,10.1539,4.39159,0,0,3828,1203,518,640,1342,0,0,60,65
9760000,0.708968,0.48851,0.445455,10.5042,4.01525,0,0,3804,1262,512,542,1379,0,0,49,60
9770000,0.749108,0.493909,0.529412,10.9718,3.86592,0,0,3729,1268,423,517,1406,0,0,61,54
9780000,0.730518,0.501969,0.459016,10.7575,4.22642,0,0,3679,1245,440,539,1332,0,0,57,66
9790000,0.744106,0.510411,0.478992,10.9093,4.23826,0,0,3769,1297,438,566,1347,0,0,58,63
9800000,0.780182,0.520794,0.487179,11.2074,4.19984,0,0,3843,1368,391,574,1395,0,0,56,59
9810000,0.706085,0.508169,0.455285,10.534,4.38827,0,0,3616,1228,513,545,1207,0,0,58,65
9820000,0.74104,0.503926,0.52,11.1598,3.89924,0,0,3543,1269,431,464,1275,0,0,54,50
9830000,0.770988,0.501411,0.416,11.597,3.57899,0,0,3665,1361,411,412,1359,0,0,52,70
9840000,0.773196,0.499463,0.491667,11.7224,4.0378,0,0,3836,1339,407,515,1453,0,0,61,61
9850000,0.710317,0.496414,0.503704,11.083,4.61229,0,0,3905,1267,506,600,1393,0,0,73,66
9860000,0.714203,0.492332,0.552846,11.2228,4.58489,0,0,3905,1226,510,636,1412,0,0,68,53
9870000,0.747948,0.506096,0.49635,11.4786,3.97954,0,0,3665,1278,438,508,1301,0,0,68,72
9880000,0.773617,0.505344,0.558824,11.8602,3.72879,0,0,3783,1382,415,461,1390,0,0,74,61
9890000,0.787343,0.503739,0.552632,11.9487,3.51773,0,0,3722,1383,394,435,1400,0,0,61,49
9900000,0.782511,0.502955,0.517857,12.1896,3.81358,0,0,3830,1395,392,478,1456,0,0,55,54
9910000,0.788716,0.510491,0.468468,12.136,3.7864,0,0,3736,1379,369,472,1407,0,0,52,57
9920000,0.775098,0.495408,0.456522,12.268,3.76317,0,0,3948,1384,404,504,1519,0,0,63,74
9930000,0.751432,0.501919,0.5625,11.9947,4.17638,0,0,3776,1317,415,521,1403,0,0,64,56
9940000,0.713953,0.485966,0.492754,11.6534,4.16322,0,0,3768,1241,518,525,1347,0,0,67,70
9950000,0.761905,0.494938,0.495327,12.2373,3.52651,0,0,3565,1295,386,417,1359,0,0,51,57
9960000,0.746076,0.504716,0.415842,11.9483,4.15617,0,0,3810,1333,454,540,1383,0,0,41,59
9970000,0.723138,0.494246,0.526316,11.8615,4.19527,0,0,3682,1276,471,484,1330,0,0,64,57
9980000,0.759334,0.496665,0.447761,12.4954,3.97562,0,0,3732,1325,414,462,1399,0,0,59,73
9990000,0.797386,0.507289,0.488889,12.7466,3.59918,0,0,3907,1481,363,435,1495,0,0,64,69
10000000,0.776471,0.496554,0.482014,12.5621,4.02445,0,0,3763,1308,391,493,1434,0,0,67,70
